"","metabolite.X","metabolite.Feature","metabolite.X.IncMSE","metabolite.X.IncMSE.pval","metabolite.IncNodePurity","metabolite.IncNodePurity.pval","log2FC"
"x28518_666_58244_12_847",35,"x28518_666_58244_12_847",2.00898690538486,0.0099009900990099,0.17705795631085,0.0396039603960396,0.424018862602778
"x18775_856_58398_8_787",44,"x18775_856_58398_8_787",1.83922986194371,0.0099009900990099,0.229941970330715,0.0297029702970297,1.60488246546031
"x28352_888_64547_12_858",50,"x28352_888_64547_12_858",1.78835806025322,0.0099009900990099,0.253104597096666,0.0297029702970297,0.443846064973677
"x29126_707_55985_13_049",53,"x29126_707_55985_13_049",1.70254538203446,0.0099009900990099,0.109065824177817,0.0396039603960396,1.23871972917748
"x29837_780_6831_13_207",62,"x29837_780_6831_13_207",1.63474958479596,0.0099009900990099,0.00666526505150665,0.257425742574257,0.53138267052909
"x36126_823_67842_14_736",66,"x36126_823_67842_14_736",1.60627018528289,0.0297029702970297,0.0369553524836141,0.207920792079208,0.604513612698384
"x24072_881_59944_11_628",75,"x24072_881_59944_11_628",1.56458066291629,0.0495049504950495,0.0127818084048991,0.277227722772277,0.140482791172034
"x39541_932_80618_16_033",76,"x39541_932_80618_16_033",1.56305593116832,0.0297029702970297,0.184411707070345,0.0198019801980198,0.94303353352552
"x40455_966_8619_16_411",98,"x40455_966_8619_16_411",1.45088843321106,0.0099009900990099,7.94345305288857e-06,0.504950495049505,0.0543140089735179
"x19252_836_61798_9_04",106,"x19252_836_61798_9_04",1.41796582342243,0.0099009900990099,0.000597612727865161,0.336633663366337,0.137481866622876
"x38982_856_77378_15_799",111,"x38982_856_77378_15_799",1.41699228404925,0.0099009900990099,0.00479546142920785,0.118811881188119,1.03842535198029
"x22877_766_57256_10_934",112,"x22877_766_57256_10_934",1.41688254773866,0.0198019801980198,0.0092880979554243,0.158415841584158,0.716319526705141
"x17077_854_62764_8_15",113,"x17077_854_62764_8_15",1.4168153086067,0.0099009900990099,0.000133349089944731,0.237623762376238,0.992968822426062
"x32053_608_67073_13_714",119,"x32053_608_67073_13_714",1.41617520974447,0.0198019801980198,0.000128576487096908,0.673267326732673,0.282296058447131
"x39737_662_71722_16_103",122,"x39737_662_71722_16_103",1.41570629766014,0.0099009900990099,0.00128598348937028,0.356435643564356,0.433892734520137
"x17686_934_64523_8_348",123,"x17686_934_64523_8_348",1.41530926667242,0.0099009900990099,0.00059307472232935,0.217821782178218,0.401432868642558
"x6125_600_36137_3_957",125,"x6125_600_36137_3_957",1.41472243404314,0.0198019801980198,0.14276927592806,0.0099009900990099,0.498184398146157
"x28562_752_55793_12_884",129,"x28562_752_55793_12_884",1.41358684437204,0.0198019801980198,0.0868060305329121,0.0693069306930693,0.359837859344964
"x2033_583_41361_2_069",139,"x2033_583_41361_2_069",1.40824122599436,0.0099009900990099,0.00720929923356528,0.158415841584158,0.47666458642718
"x26765_788_55693_12_474",146,"x26765_788_55693_12_474",1.40608998765738,0.0198019801980198,0.00477746907029466,0.504950495049505,0.0489448985938014
"x21925_694_5985_10_379",149,"x21925_694_5985_10_379",1.40434708222752,0.0198019801980198,0.00919112207033406,0.148514851485149,1.04215976197605
"x40054_935_78546_16_245",150,"x40054_935_78546_16_245",1.40199748896908,0.0297029702970297,3.08064560635657e-05,0.673267326732673,0.449350174049276
"x37893_880_77556_15_37",152,"x37893_880_77556_15_37",1.40086221321603,0.0099009900990099,0.00567774590394409,0.128712871287129,0.987139419216759
"x23486_844_58235_11_392",153,"x23486_844_58235_11_392",1.39949899625036,0.0297029702970297,0.000920985817183112,0.475247524752475,0.623209489286434
"x11939_819_50113_6_02",154,"x11939_819_50113_6_02",1.39913983256622,0.0099009900990099,0.000134141752556001,0.346534653465347,4.25124861825401
"x8785_410_47249_4_807",157,"x8785_410_47249_4_807",1.39783207500969,0.0099009900990099,0.0987399920795936,0.0396039603960396,2.30111388051038
"x13162_830_58882_6_511",163,"x13162_830_58882_6_511",1.39430975088057,0.0198019801980198,0.00348656510488505,0.277227722772277,0.892834082125943
"x21212_814_56879_10_049",170,"x21212_814_56879_10_049",1.38717403468839,0.0198019801980198,0.00251456856090258,0.396039603960396,0.750609363125212
"x30701_920_70827_13_379",174,"x30701_920_70827_13_379",1.38486161092697,0.0198019801980198,0.0236328012521468,0.158415841584158,2.13481109359354
"x39975_976_83346_16_206",176,"x39975_976_83346_16_206",1.38249647525093,0.0198019801980198,0.00109356732901515,0.356435643564356,0.699058402331124
"x8354_436_34194_4_687",182,"x8354_436_34194_4_687",1.37177301024049,0.0099009900990099,0.000937581423689863,0.297029702970297,3.9233505938095
"x27001_744_63173_12_518",184,"x27001_744_63173_12_518",1.37009085887205,0.0099009900990099,0.000569952566647865,0.247524752475248,0.331624729739027
"x32339_836_74635_13_74",186,"x32339_836_74635_13_74",1.36887212154961,0.0099009900990099,0.0376086378278983,0.099009900990099,0.677514974345095
"x30918_958_80728_13_483",187,"x30918_958_80728_13_483",1.36825695754924,0.0396039603960396,0.000259751367007912,0.356435643564356,0.0788687129727193
"x25731_892_52435_12_116",196,"x25731_892_52435_12_116",1.3555460092649,0.0396039603960396,0.00328923455966726,0.405940594059406,0.250079007270304
"x17192_762_52934_8_191",197,"x17192_762_52934_8_191",1.35525649510772,0.0495049504950495,0.00062234520610261,0.544554455445545,0.0199642134148288
"x29207_826_66993_13_04",202,"x29207_826_66993_13_04",1.34765027678463,0.0099009900990099,4.50167549144664e-05,0.148514851485149,0.0933718291372273
"x31688_668_59501_13_615",207,"x31688_668_59501_13_615",1.34268223565121,0.0495049504950495,2.63848816056999e-05,0.613861386138614,0.0499959550508213
"x28298_846_63435_12_802",209,"x28298_846_63435_12_802",1.33776843647885,0.0198019801980198,0.0176459707227331,0.277227722772277,0.337421173408355
"x28909_663_63778_12_988",212,"x28909_663_63778_12_988",1.33601177715461,0.0297029702970297,0.0192704448073009,0.0792079207920792,1.93939523429146
"x16190_798_56333_7_758",217,"x16190_798_56333_7_758",1.32845372332705,0.0198019801980198,8.45488960706042e-06,0.326732673267327,5.46490641668146
"x16820_776_51984_8_062",225,"x16820_776_51984_8_062",1.31174414525171,0.0297029702970297,0.0060804612944426,0.287128712871287,1.47178220981704
"x4735_596_38549_3_567",227,"x4735_596_38549_3_567",1.30639350322721,0.0099009900990099,0.0268751777335135,0.0594059405940594,2.68288787616098
"x37099_894_75125_15_027",230,"x37099_894_75125_15_027",1.3039231538198,0.0198019801980198,0.000266928154521559,0.346534653465347,1.60747851865701
"x23871_738_65846_11_559",231,"x23871_738_65846_11_559",1.30027179243329,0.0198019801980198,0.0136002721677538,0.128712871287129,0.187223969697433
"x33043_886_75314_13_957",237,"x33043_886_75314_13_957",1.28594571589487,0.0297029702970297,5.46807642241021e-08,0.396039603960396,0.0820234941792536
"x11179_788_57945_5_745",238,"x11179_788_57945_5_745",1.28221938005047,0.0396039603960396,0.0221414630309855,0.0792079207920792,0.0376308713777012
"x16901_742_54469_8_106",239,"x16901_742_54469_8_106",1.28216849145218,0.0396039603960396,0.0306609548988717,0.118811881188119,0.455368691188475
"x18796_812_61828_8_782",244,"x18796_812_61828_8_782",1.27451877131131,0.0495049504950495,0.000118583016835848,0.623762376237624,0.226366946272115
"x20485_667_51536_9_675",246,"x20485_667_51536_9_675",1.27260207032355,0.0495049504950495,0.00327361375247255,0.356435643564356,0.477486089017983
"x34656_959_79203_14_338",248,"x34656_959_79203_14_338",1.26990067948513,0.0198019801980198,0.00253952054178465,0.267326732673267,1.99240610009801
"x3224_458_36199_2_971",258,"x3224_458_36199_2_971",1.25427874450427,0.0297029702970297,0.00775918791355053,0.168316831683168,0.308770062963701
"x24113_672_53518_11_616",263,"x24113_672_53518_11_616",1.2463506240186,0.0099009900990099,0.000245416841921962,0.346534653465347,0.277007561639871
"x28429_693_54202_12_85",264,"x28429_693_54202_12_85",1.24634630656489,0.0396039603960396,0.000879450203819484,0.544554455445545,0.0175273034108891
"x27404_860_65231_12_586",267,"x27404_860_65231_12_586",1.24138235760358,0.0495049504950495,0.000119077113337926,0.435643564356436,0.763139486613617
"x16494_368_38849_7_868",271,"x16494_368_38849_7_868",1.23436526820696,0.0495049504950495,0.00552775561096928,0.356435643564356,0.149143870900282
"x24994_702_54313_11_895",284,"x24994_702_54313_11_895",1.22196963045736,0.0099009900990099,0.000101471928725028,0.287128712871287,0.587034283335757
"x40457_996_93105_16_441",287,"x40457_996_93105_16_441",1.217424003578,0.0396039603960396,0.0113293702107025,0.0495049504950495,0.468488318638536
"x29452_638_60372_13_079",295,"x29452_638_60372_13_079",1.20205472631726,0.0396039603960396,0.00187725333631616,0.237623762376238,0.427666850291066
"x23133_706_57387_11_227",303,"x23133_706_57387_11_227",1.18619063006596,0.0396039603960396,0.0104476437620346,0.0792079207920792,0.532756964327996
"x39783_970_8822_16_141",310,"x39783_970_8822_16_141",1.17382263185546,0.0396039603960396,0.00269853640901439,0.306930693069307,1.41927970892866
"x24319_740_55535_11_729",316,"x24319_740_55535_11_729",1.16485807095973,0.0495049504950495,0.0140119901715549,0.237623762376238,0.35987935414202
"x40178_972_89569_16_286",320,"x40178_972_89569_16_286",1.1567248359464,0.0198019801980198,0.00249367557521107,0.257425742574257,1.67604136043955
"x33556_904_74153_14_046",325,"x33556_904_74153_14_046",1.14481850118002,0.0495049504950495,8.04703388013195e-09,0.643564356435644,0.864764560116391
"x3212_466_36624_2_977",327,"x3212_466_36624_2_977",1.14120743704854,0.0297029702970297,0.000543898721041094,0.237623762376238,0.146316341362395
"x27088_725_59101_12_494",328,"x27088_725_59101_12_494",1.1408414990679,0.0396039603960396,7.4862479877587e-05,0.435643564356436,0.0124185838345101
"x40064_914_85631_16_238",330,"x40064_914_85631_16_238",1.13986823527416,0.0297029702970297,0.000239441734956853,0.277227722772277,0.795723231181881
"x29224_658_57446_13_049",336,"x29224_658_57446_13_049",1.13023837650336,0.0495049504950495,0.0113231224256731,0.198019801980198,0.470082672137566
"x19611_854_62912_9_235",342,"x19611_854_62912_9_235",1.12615882183408,0.0495049504950495,0.00382409952670366,0.168316831683168,0.690203251504471
"x23083_822_60285_11_114",371,"x23083_822_60285_11_114",1.07879451693384,0.0396039603960396,0.0682745106116081,0.0594059405940594,1.16598169513114
"x36976_998_81139_15_033",372,"x36976_998_81139_15_033",1.07850693574509,0.0198019801980198,0.000440474656271801,0.326732673267327,0.505658678316433
"x32867_926_75811_13_88",376,"x32867_926_75811_13_88",1.07508369578692,0.0396039603960396,0.000258362437344643,0.415841584158416,1.24254296508275
"x34110_926_75884_14_148",379,"x34110_926_75884_14_148",1.07210846111183,0.0396039603960396,9.36978550836187e-06,0.554455445544555,1.63295837964052
"x25384_792_63232_12_067",381,"x25384_792_63232_12_067",1.07156906689796,0.0297029702970297,0.0011561122615592,0.168316831683168,0.561800146074041
"x29821_904_68606_13_153",403,"x29821_904_68606_13_153",1.0538171776994,0.0396039603960396,5.27894501439938e-05,0.356435643564356,3.92427557940266
"x26470_572_54154_12_347",405,"x26470_572_54154_12_347",1.0528782857472,0.0495049504950495,0.0023931674140171,0.465346534653465,0.0882661270608848
"x18330_528_49978_8_598",414,"x18330_528_49978_8_598",1.04041404875037,0.0099009900990099,0.00050300605628643,0.118811881188119,0.311182234869819
"x24324_802_63195_11_716",418,"x24324_802_63195_11_716",1.03403239323396,0.0198019801980198,9.90247677993139e-06,0.386138613861386,0.457486749200516
"x23721_842_60153_11_495",420,"x23721_842_60153_11_495",1.03169202954833,0.0495049504950495,0.0399015863643951,0.0693069306930693,0.48516964875889
"x39484_907_75545_15_997",421,"x39484_907_75545_15_997",1.03090501107713,0.0396039603960396,2.40256070722875e-05,0.702970297029703,0.712638373264532
"x1945_546_35662_2",425,"x1945_546_35662_2",1.0285414621349,0.0297029702970297,0.00073323977201427,0.287128712871287,0.219985109509019
"x19098_744_61575_8_956",439,"x19098_744_61575_8_956",1.02088345163238,0.0198019801980198,0.00044661314163961,0.326732673267327,0.389208650504114
"x18859_696_5408_8_846",447,"x18859_696_5408_8_846",1.01890577360018,0.0099009900990099,0.00185045592481467,0.0792079207920792,0.164082387876353
"x39138_959_80333_15_836",457,"x39138_959_80333_15_836",1.01522789689505,0.0297029702970297,0.00788763919086163,0.207920792079208,0.0733222508087764
"x26779_812_6432_12_43",478,"x26779_812_6432_12_43",1.00828583011544,0.0297029702970297,0.00192652458477232,0.306930693069307,0.175421663212157
"x25784_872_67845_12_135",481,"x25784_872_67845_12_135",1.00697184380412,0.0099009900990099,0.0162824008572645,0.0396039603960396,0.415894642309741
"x20183_810_60016_9_501",484,"x20183_810_60016_9_501",1.00680780779916,0.0099009900990099,7.51407283612338e-08,0.168316831683168,0.175913568985178
"x38872_964_83038_15_743",492,"x38872_964_83038_15_743",1.0049160129136,0.0396039603960396,0.00247661464841229,0.247524752475248,0.138177904080656
"x3091_445_29618_2_912",500,"x3091_445_29618_2_912",1.004281987208,0.0099009900990099,0.000101111927659294,0.188118811881188,0.443788404100398
"x19703_816_5522_9_262",512,"x19703_816_5522_9_262",1.00244232803378,0.0495049504950495,8.0318633454326e-05,0.504950495049505,0.924509223690571
"x10882_636_51997_5_602",524,"x10882_636_51997_5_602",1.00155021293976,0.0198019801980198,2.14717745306512e-05,0.356435643564356,0.220125333199687
"x26763_693_54557_12_433",526,"x26763_693_54557_12_433",1.00152473789766,0.0198019801980198,1.99954626821501e-05,0.287128712871287,0.507121575640778
"x38252_810_75471_15_538",537,"x38252_810_75471_15_538",1.0012581864974,0.0198019801980198,3.64744343216978e-05,0.415841584158416,0.930424462609827
"x40580_973_85676_16_462",549,"x40580_973_85676_16_462",1.00109750757357,0.0297029702970297,0.000501137691023866,0.356435643564356,0.55654812113543
"x32106_841_69607_13_669",561,"x32106_841_69607_13_669",1.0010338792329,0.0297029702970297,0.000958219286563462,0.168316831683168,2.26398799186695
"x22829_810_60266_10_934",562,"x22829_810_60266_10_934",1.00103139370092,0.0297029702970297,8.34182303598299e-05,0.435643564356436,0.575317609515364
"x16411_677_55371_7_837",568,"x16411_677_55371_7_837",1.00101111721876,0.0495049504950495,1.90128139578238e-06,0.544554455445545,0.749167809778341
"x12848_702_56888_6_368",573,"x12848_702_56888_6_368",1.0010064698824,0.0297029702970297,3.73448743481637e-05,0.326732673267327,0.31490793700371
"x34118_992_76543_14_167",582,"x34118_992_76543_14_167",1.00100189572683,0.0396039603960396,0.00230462233232385,0.217821782178218,0.024537603445272
"x6093_1041_75864_3_952",628,"x6093_1041_75864_3_952",1.00100150250438,0.0396039603960396,0.0262730902624845,0.0396039603960396,1.92900306143594
"x19980_732_6139_9_405",665,"x19980_732_6139_9_405",1.00100150250438,0.0495049504950495,0.000566914521185798,0.257425742574257,0.046005847078053
"x22671_796_58578_10_833",703,"x22671_796_58578_10_833",1.00100150250438,0.0495049504950495,8.48844806139493e-05,0.217821782178218,0.0524836989349788
"x37098_922_77047_15_046",729,"x37098_922_77047_15_046",1.00100150250438,0.0198019801980198,1.20196444264309e-09,0.168316831683168,1.00960643124661
"x39192_954_84393_15_891",761,"x39192_954_84393_15_891",1.00100150250438,0.0495049504950495,0.000479815328348845,0.336633663366337,0.352942131623565
"x3573_496_37614_3_145",823,"x3573_496_37614_3_145",1.00100150250438,0.0396039603960396,0.00127301821541893,0.099009900990099,1.29619568851324
"x1283_534_36527_1_521",833,"x1283_534_36527_1_521",1.00100150250438,0.0198019801980198,0.00280589954191244,0.0495049504950495,0.144412762971564
"x22165_825_62033_10_492",846,"x22165_825_62033_10_492",1.00100150250438,0.0396039603960396,0.000639938315102709,0.099009900990099,0.153556755729305
"x28437_798_59718_12_833",873,"x28437_798_59718_12_833",1.00100150250438,0.0396039603960396,1.89321268634135e-06,0.178217821782178,7.96264351954123
"x33230_1044_79493_13_998",883,"x33230_1044_79493_13_998",1.00100150250438,0.0495049504950495,7.71508139799071e-05,0.495049504950495,0.437436329601284
"x18408_524_50459_8_642",896,"x18408_524_50459_8_642",1.00100150250438,0.0198019801980198,0.00463636781436615,0.0891089108910891,0.723857234548792
"x3480_526_38736_3_086",921,"x3480_526_38736_3_086",1.00100150250438,0.0495049504950495,4.04823104639851e-06,0.326732673267327,0.867649747386638
"x23417_526_52002_11_308",936,"x23417_526_52002_11_308",1.00100150250438,0.0396039603960396,6.17831646287925e-09,0.405940594059406,0.544877976963386
"x18463_676_52136_8_656",937,"x18463_676_52136_8_656",1.00100150250438,0.0495049504950495,0.000274224032608046,0.207920792079208,0.0813834852482757
"x13091_648_5207_6_482",964,"x13091_648_5207_6_482",1.00100150250438,0.0297029702970297,0.0569850082078345,0.0099009900990099,0.185997568344064
"x13262_590_4185_6_55",1011,"x13262_590_4185_6_55",1.00100150250438,0.0198019801980198,6.63744502642061e-07,0.118811881188119,0.38723049605799
"x11465_819_53182_5_794",1016,"x11465_819_53182_5_794",1.00100150250438,0.0396039603960396,0.00770768096403049,0.207920792079208,1.55653532934168
"x15671_604_43493_7_525",1021,"x15671_604_43493_7_525",1.00100150250438,0.0396039603960396,0.000265012093677527,0.0792079207920792,0.0367139134981255
"x31861_934_73674_13_666",1071,"x31861_934_73674_13_666",1.00100150250438,0.0198019801980198,0.00324360090361546,0.0594059405940594,0.320269742318109
"x3857_447_31046_3_265",1082,"x3857_447_31046_3_265",1.00100150250438,0.0495049504950495,1.15219369796193e-07,0.237623762376238,0.340182872928322
"x19696_542_51553_9_271",1083,"x19696_542_51553_9_271",1.00100150250438,0.0297029702970297,0.000261886036401245,0.178217821782178,1.06234781757462
"x28593_880_72157_12_907",1105,"x28593_880_72157_12_907",1.00100150250438,0.0198019801980198,4.29983316205806e-07,0.168316831683168,2.38592962082211
"x22397_850_63318_10_652",1121,"x22397_850_63318_10_652",1.00100150250438,0.0396039603960396,2.71500963933136e-10,0.297029702970297,0.0367561291365732
"x3311_636_42382_3_033",1129,"x3311_636_42382_3_033",1.00100150250438,0.0099009900990099,1.70819509133224e-08,0.297029702970297,0.539726911806773
"x33479_924_74318_13_989",1131,"x33479_924_74318_13_989",1.00100150250438,0.0495049504950495,3.15369388033835e-05,0.237623762376238,1.49194963013314
"x19111_712_55533_9_058",1138,"x19111_712_55533_9_058",1.00100150250438,0.0396039603960396,1.43277338375825e-07,0.207920792079208,Inf
"x15986_660_5013_7_575",1140,"x15986_660_5013_7_575",1.00100150250438,0.0495049504950495,3.28672019349003e-05,0.227722772277228,1.84212098768375
"x31552_750_62504_13_583",1164,"x31552_750_62504_13_583",1.00100150250438,0.0396039603960396,3.30073207204773e-06,0.168316831683168,Inf
"x15654_620_56348_7_527",1177,"x15654_620_56348_7_527",1.00100150250438,0.0396039603960396,1.11816764776993e-05,0.168316831683168,1.60827816025043
"x35630_996_76981_14_522",1192,"x35630_996_76981_14_522",1.00100150250438,0.0099009900990099,1.7208265851032e-06,0.0396039603960396,1.87623587152045
"x585_398_28965_1_09",1531,"x585_398_28965_1_09",1.00100150250438,0.0099009900990099,0.00039653602639502,0.0198019801980198,1.43675127512372
"x31241_716_61788_13_504",1692,"x31241_716_61788_13_504",1.00100150250438,0.0396039603960396,0.00020750117210703,0.108910891089109,0.344061520749004
"x4325_562_38916_3_441",1879,"x4325_562_38916_3_441",1.00100150250438,0.0198019801980198,2.58377780019359e-05,0.0891089108910891,0.518501641810303
"x23325_736_57686_11_266",1902,"x23325_736_57686_11_266",1.00100150250438,0.0396039603960396,0.000108455891010526,0.0792079207920792,1.03307885864058
"x23803_1214_3911_11_509",1944,"x23803_1214_3911_11_509",1.00100150250438,0.0396039603960396,0.0329629596800457,0.0297029702970297,1.12131388106512
"x4868_283_24213_3_612",2019,"x4868_283_24213_3_612",1.00100150250438,0.0396039603960396,1.65281855064592e-08,0.138613861386139,0.329500048711307
"x24425_880_64843_11_749",2022,"x24425_880_64843_11_749",1.00100150250438,0.0099009900990099,9.33810614595743e-07,0.0792079207920792,2.47890739048968
"x37115_790_7301_15_092",2053,"x37115_790_7301_15_092",1.00100150250438,0.0297029702970297,2.36038743909361e-06,0.0693069306930693,Inf
"x20335_727_58175_9_635",2087,"x20335_727_58175_9_635",1.00100150250438,0.0396039603960396,8.780498472305e-09,0.188118811881188,Inf
"x19411_786_56599_9_146",2102,"x19411_786_56599_9_146",1.00100150250438,0.0396039603960396,7.51126425319004e-06,0.0396039603960396,Inf
"x14574_708_50237_7_078",2116,"x14574_708_50237_7_078",1.00100150250438,0.0396039603960396,0.000295733316287644,0.0891089108910891,Inf
