"","Feature","%IncMSE","%IncMSE.pval","IncNodePurity","IncNodePurity.pval"
"1","x29450_909_67655_13_162",3.64256228414007,0.0099009900990099,1.12766651613614,0.0099009900990099
"2","x32134_1030_7983_13_67",3.59871983009272,0.0099009900990099,1.26079558716916,0.0099009900990099
"3","x28729_747_60851_12_906",3.50808086985129,0.0099009900990099,1.96201028344493,0.0099009900990099
"4","x20720_445_36758_9_82",3.47663839781819,0.0099009900990099,1.88148088746748,0.0099009900990099
"5","x15777_800_58994_7_562",3.28426970714994,0.0099009900990099,0.876217662446312,0.0099009900990099
"6","x30970_1010_76274_13_444",3.12282461071841,0.0099009900990099,1.84277035056812,0.0099009900990099
"7","x14023_645_39216_6_866",2.90543811959161,0.0099009900990099,0.461709910640881,0.0099009900990099
"8","x27899_667_63368_12_705",2.72105104936862,0.0099009900990099,0.0802298803004774,0.0891089108910891
"9","x23878_630_54568_11_549",2.57375191978697,0.0099009900990099,1.21112846925441,0.0099009900990099
"10","x33525_964_79495_14_007",2.48274443127475,0.0099009900990099,0.727799807286444,0.0099009900990099
"11","x4831_644_4386_3_629",2.47048041666718,0.0099009900990099,1.51790898713853,0.0099009900990099
"12","x1582_564_38687_1_75",2.44413777158737,0.0099009900990099,0.375004567992332,0.0099009900990099
"13","x33061_734_63005_13_895",2.38843803924791,0.0099009900990099,1.22345251726451,0.0099009900990099
"14","x34020_912_76649_14_188",2.31207154940735,0.0099009900990099,0.259701050385437,0.0099009900990099
"15","x14036_629_41761_6_872",2.3069081783603,0.0099009900990099,0.588816194895134,0.0099009900990099
"16","x27502_922_71292_12_623",2.18695427029647,0.0099009900990099,0.279381319941413,0.0099009900990099
"17","x15792_801_592_7_559",2.18645768362251,0.0099009900990099,0.447380306853413,0.0099009900990099
"18","x19242_828_60949_9_074",2.10619918669482,0.0099009900990099,0.033061706296957,0.0594059405940594
"19","x2418_516_39037_2_426",2.0884763178697,0.0099009900990099,0.35759178128972,0.0099009900990099
"20","x29719_813_68388_13_206",2.04103188262705,0.0099009900990099,0.192820340105742,0.0198019801980198
"21","x32783_902_74611_13_816",2.03673113935885,0.0099009900990099,0.225736955397534,0.0099009900990099
"22","x34392_696_68812_14_233",2.00608171589366,0.0099009900990099,0.0646659344555473,0.0198019801980198
"23","x29580_646_55656_13_163",1.97484554071368,0.0099009900990099,0.403980481697238,0.0099009900990099
"24","x35380_916_79853_14_458",1.94040732756918,0.0099009900990099,0.255267905833773,0.0099009900990099
"25","x16931_760_52613_8_092",1.90458473677345,0.0198019801980198,0.0690871528226362,0.0594059405940594
"26","x32450_1032_81847_13_78",1.88298757841291,0.0099009900990099,0.178381295891115,0.0099009900990099
"27","x6084_532_3736_3_947",1.85401946074252,0.0099009900990099,0.0254861168686762,0.099009900990099
"28","x36928_1076_86013_15_022",1.84093577216119,0.0099009900990099,0.0293403704091658,0.0594059405940594
"29","x33511_888_70653_14_015",1.83698098658061,0.0099009900990099,0.699094569735357,0.0099009900990099
"30","x32158_860_67562_13_71",1.82772396311285,0.0099009900990099,0.562969333598853,0.0099009900990099
"31","x31706_1028_78643_13_607",1.802434151498,0.0099009900990099,1.35422300978279,0.0099009900990099
"32","x5507_587_22927_3_682",1.80040526579301,0.0099009900990099,0.116101241977439,0.0297029702970297
"33","x5069_609_21114_3_652",1.79884336950882,0.0198019801980198,0.151238091430674,0.0198019801980198
"34","x26537_642_52509_12_38",1.7929976730897,0.0099009900990099,0.255606884791027,0.0099009900990099
"35","x36795_932_80127_15_016",1.7885962153444,0.0099009900990099,0.0275064249775956,0.128712871287129
"36","x28569_822_63487_12_842",1.78238309280541,0.0099009900990099,0.0313196210428044,0.237623762376238
"37","x12075_793_48626_6_064",1.7816201243261,0.0099009900990099,0.154131034689881,0.0099009900990099
"38","x15832_828_57373_7_583",1.77558139876402,0.0099009900990099,0.349816340606118,0.0099009900990099
"39","x34077_812_67554_14_149",1.76687165685714,0.0099009900990099,0.718690421973289,0.0099009900990099
"40","x39167_884_77202_15_881",1.72530740280823,0.0099009900990099,0.113765905763224,0.0099009900990099
"41","x37122_999_81678_15_051",1.72385337019668,0.0099009900990099,0.00855130411255418,0.198019801980198
"42","x9406_746_49746_5_02",1.71735705831741,0.0099009900990099,0.11057480189234,0.0198019801980198
"43","x18925_896_60998_8_888",1.71130956904455,0.0099009900990099,0.00964835722111224,0.099009900990099
"44","x15499_842_57769_7_492",1.70823444818411,0.0099009900990099,0.128636811855484,0.0099009900990099
"45","x25824_820_60856_12_138",1.70664005979624,0.0198019801980198,0.0146319069604252,0.247524752475248
"46","x34789_972_78973_14_377",1.70446332137397,0.0198019801980198,0.762623962538083,0.0297029702970297
"47","x28274_781_58264_12_769",1.69944783751349,0.0099009900990099,0.020068625140056,0.0297029702970297
"48","x25963_606_54475_12_168",1.69801578739692,0.0198019801980198,0.0218685284857843,0.0594059405940594
"49","x34727_576_60838_14_296",1.69779033372753,0.0099009900990099,0.0133663106074927,0.326732673267327
"50","x8300_701_49525_4_594",1.67907850996859,0.0099009900990099,0.0221700055190862,0.0891089108910891
"51","x9880_906_57042_5_161",1.66790785879514,0.0099009900990099,0.188281173118441,0.0099009900990099
"52","x27909_974_74362_12_701",1.66446082496945,0.0099009900990099,0.262267001676195,0.0099009900990099
"53","x24072_881_59944_11_628",1.66254601471628,0.0198019801980198,0.0066142787878788,0.386138613861386
"54","x40182_895_8072_16_279",1.65956838910856,0.0099009900990099,0.0948157600226621,0.0198019801980198
"55","x18619_846_60836_8_729",1.64675810176171,0.0099009900990099,0.0847303662238552,0.0099009900990099
"56","x28500_808_6208_12_842",1.64518334101642,0.0198019801980198,0.0152477406359533,0.217821782178218
"57","x9522_826_60462_5_095",1.64314567872816,0.0099009900990099,0.300898222461316,0.0099009900990099
"58","x4147_495_30922_3_354",1.63219373524583,0.0099009900990099,0.173360474501159,0.0099009900990099
"59","x29947_950_74066_13_201",1.63047924174949,0.0198019801980198,0.172023302251244,0.0198019801980198
"60","x29017_429_37229_13_01",1.61953446234693,0.0297029702970297,0.208832299941624,0.0297029702970297
"61","x33615_961_74919_14_036",1.61710808231768,0.0099009900990099,0.223367417244796,0.0099009900990099
"62","x36633_918_81339_14_846",1.61552329004536,0.0099009900990099,0.29819136628539,0.0099009900990099
"63","x14054_624_46299_6_883",1.61491008771927,0.0198019801980198,0.115116310026212,0.0198019801980198
"64","x20697_828_63111_9_811",1.61342990316364,0.0099009900990099,0.086247337092318,0.0198019801980198
"65","x33585_990_81404_14_043",1.60006109586476,0.0099009900990099,0.130602880226156,0.0099009900990099
"66","x3174_446_3638_2_948",1.57494851982829,0.0198019801980198,0.0459099632724749,0.0792079207920792
"67","x19780_646_50632_9_3",1.56906886791838,0.0099009900990099,0.239543126674288,0.0099009900990099
"68","x28899_924_7307_13_005",1.56403265028898,0.0099009900990099,0.148995504623091,0.0099009900990099
"69","x13794_826_59645_6_702",1.56104686418179,0.0099009900990099,0.0230313541396826,0.0495049504950495
"70","x5192_467_29221_3_695",1.55818098340767,0.0099009900990099,0.107763748422265,0.0297029702970297
"71","x37810_998_85702_15_29",1.55730411061142,0.0099009900990099,0.0925899894761904,0.0198019801980198
"72","x22289_581_56114_10_6",1.55345715336254,0.0099009900990099,0.00164394479853481,0.316831683168317
"73","x19278_762_53821_8_983",1.54540574301134,0.0198019801980198,0.00401838792815374,0.544554455445545
"74","x20188_838_60009_9_525",1.5272082229358,0.0198019801980198,0.0451306825207942,0.0891089108910891
"75","x10758_687_50681_5_534",1.52545746853212,0.0099009900990099,0.0627965231277648,0.0099009900990099
"76","x36868_1276_35483_14_967",1.5184654535685,0.0099009900990099,0.0183656004957661,0.237623762376238
"77","x39772_867_77583_16_139",1.51672736901944,0.0198019801980198,0.0267306044066582,0.138613861386139
"78","x25169_614_55137_11_952",1.51450448300349,0.0198019801980198,0.312357584340523,0.0099009900990099
"79","x15083_647_40731_7_332",1.49903038775448,0.0099009900990099,0.364049208913506,0.0099009900990099
"80","x14265_818_57678_6_973",1.48062864198281,0.0099009900990099,0.0455415007690437,0.0297029702970297
"81","x22126_846_60993_10_483",1.46215393606745,0.0099009900990099,0.00835188500509724,0.138613861386139
"82","x1931_574_31416_1_975",1.46149280135887,0.0198019801980198,0.00880363584915087,0.257425742574257
"83","x31780_784_64511_13_63",1.46136104164209,0.0099009900990099,0.157349496524695,0.0198019801980198
"84","x7828_670_5047_4_472",1.44445984239518,0.0198019801980198,0.00288023539682539,0.198019801980198
"85","x34668_933_77619_14_339",1.44101287374927,0.0099009900990099,0.00426063428571432,0.247524752475248
"86","x26492_590_55072_12_355",1.4313824186852,0.0297029702970297,0.00169099888787543,0.316831683168317
"87","x24526_630_5468_11_752",1.43068896588842,0.0099009900990099,0.472326964426122,0.0099009900990099
"88","x10845_770_53328_5_608",1.42864997728053,0.0198019801980198,0.0268498677672577,0.0396039603960396
"89","x31532_1012_78402_13_591",1.42120303011082,0.0099009900990099,0.508470108818278,0.0099009900990099
"90","x20570_792_58978_9_731",1.41704103932964,0.0099009900990099,0.000724506666666667,0.316831683168317
"91","x28707_783_65299_12_909",1.41698404587303,0.0099009900990099,0.124433109074631,0.0099009900990099
"92","x4980_379_28374_3_611",1.41685334857402,0.0099009900990099,0.00287531888888891,0.0792079207920792
"93","x30649_604_60172_13_419",1.41682425603539,0.0099009900990099,0.00121864828749682,0.188118811881188
"94","x40103_946_8946_16_272",1.4167611165105,0.0198019801980198,0.0161784102602109,0.148514851485149
"95","x12262_775_53098_6_104",1.41670820907593,0.0099009900990099,0.0163912845348294,0.128712871287129
"96","x3322_441_33732_3_044",1.41645403888331,0.0198019801980198,0.0184785837990196,0.138613861386139
"97","x38707_986_91374_15_666",1.41606177955753,0.0198019801980198,0.338188865775575,0.0099009900990099
"98","x31275_888_7053_13_533",1.41547571966249,0.0099009900990099,0.0952812115885086,0.0297029702970297
"99","x16666_650_51114_8",1.41527286478757,0.0198019801980198,0.000927477579365107,0.415841584158416
"100","x38872_964_83038_15_743",1.4149075284744,0.0198019801980198,0.0156914028968254,0.138613861386139
"101","x23286_572_50194_11_228",1.41474589043562,0.0297029702970297,0.0259436952719503,0.118811881188119
"102","x17529_838_63346_8_326",1.41433313286681,0.0198019801980198,0.00140882095238096,0.544554455445545
"103","x11155_888_59662_5_66",1.41336037394635,0.0198019801980198,0.00384821550567599,0.475247524752475
"104","x37654_882_78948_15_246",1.41320508640663,0.0396039603960396,0.000649106666666679,0.534653465346535
"105","x10254_1023_52444_5_37",1.41287854056214,0.0099009900990099,0.00724501064425771,0.0396039603960396
"106","x35079_943_75288_14_402",1.41244761449482,0.0099009900990099,0.195244765679887,0.0099009900990099
"107","x22404_710_63064_10_682",1.41239955681123,0.0198019801980198,0.00108029761904763,0.267326732673267
"108","x18175_818_57836_8_546",1.41181556518541,0.0297029702970297,0.00283959602564102,0.455445544554455
"109","x37038_968_82869_14_986",1.41000096696481,0.0198019801980198,0.0198567560870503,0.0891089108910891
"110","x37613_1030_87367_15_234",1.4093936489868,0.0198019801980198,0.0075192057126697,0.346534653465347
"111","x2506_480_34504_2_452",1.40910264661633,0.0198019801980198,0.0284030896010941,0.108910891089109
"112","x37573_1012_83399_15_187",1.40780219641246,0.0099009900990099,0.000156644444444451,0.445544554455446
"113","x32640_821_62791_13_804",1.40664496053498,0.0099009900990099,0.00135335657142858,0.237623762376238
"114","x15026_662_5336_7_277",1.40450218890817,0.0198019801980198,0.0024271156060606,0.316831683168317
"115","x31264_860_67456_13_52",1.40448511364262,0.0099009900990099,0.265015690832207,0.0099009900990099
"116","x6022_381_3161_3_916",1.40264089215702,0.0099009900990099,0.00660763275835276,0.207920792079208
"117","x29678_1054_80342_13_158",1.40087368178288,0.0099009900990099,0.235320442591442,0.0099009900990099
"118","x23903_639_64054_11_565",1.39749325644554,0.0099009900990099,0.0207519576190476,0.178217821782178
"119","x16871_832_58256_8_086",1.39609826385721,0.0297029702970297,0.000262109696969699,0.544554455445545
"120","x25740_808_62031_12_113",1.39592930745544,0.0198019801980198,0.000382969444444446,0.514851485148515
"121","x17932_770_57505_8_474",1.39560601407948,0.0099009900990099,0.00497386290359027,0.356435643564356
"122","x15515_701_52226_7_492",1.39323144176096,0.0198019801980198,0.000124697373737378,0.544554455445545
"123","x36199_1203_33583_14_735",1.39124407946571,0.0198019801980198,0.00144729615384616,0.425742574257426
"124","x32916_1014_81105_13_877",1.39091845486358,0.0198019801980198,0.211928517762638,0.0198019801980198
"125","x24393_577_52002_11_727",1.38963329771774,0.0495049504950495,0.00374807440613032,0.178217821782178
"126","x34014_1001_82209_14_168",1.38935981534446,0.0099009900990099,0.016775831367384,0.0198019801980198
"127","x35615_1025_8356_14_592",1.38885235203968,0.0099009900990099,0.0170802453763813,0.198019801980198
"128","x37071_1198_28585_15_055",1.388442464826,0.0198019801980198,0.00372440858585862,0.376237623762376
"129","x13618_898_54306_6_694",1.38750744787414,0.0297029702970297,0.000144322857142858,0.346534653465347
"130","x37795_955_77034_15_279",1.38547737658976,0.0198019801980198,0.027926634763465,0.0891089108910891
"131","x17948_659_51273_8_479",1.3853695154994,0.0099009900990099,0.000275017771117775,0.247524752475248
"132","x26309_908_69785_12_305",1.38536438194652,0.0198019801980198,0.000845748715728732,0.277227722772277
"133","x27975_906_6762_12_709",1.38471926784027,0.0198019801980198,0.0201023449563354,0.138613861386139
"134","x32793_792_61927_13_864",1.38467147498893,0.0297029702970297,0.00660972000000003,0.316831683168317
"135","x31304_812_69921_13_513",1.38435303033667,0.0099009900990099,0.00146022695652176,0.227722772277228
"136","x33287_928_74443_14_007",1.38393081826671,0.0099009900990099,0.165424239775567,0.0099009900990099
"137","x9600_409_34689_5_176",1.38348902448951,0.0198019801980198,0.0076752959752322,0.237623762376238
"138","x38818_845_69915_15_711",1.38264877325815,0.0297029702970297,0.0127183136554622,0.297029702970297
"139","x31713_976_75622_13_579",1.38251597491587,0.0099009900990099,0.00353577781713898,0.326732673267327
"140","x26482_521_49315_12_376",1.38181140452915,0.0099009900990099,0.413331405273473,0.0099009900990099
"141","x35388_1016_80338_14_515",1.37957747118091,0.0198019801980198,0.0468795235849991,0.0297029702970297
"142","x40186_984_897_16_327",1.37877321874285,0.0396039603960396,0.00509608823104999,0.277227722772277
"143","x37180_978_84273_15_096",1.3782086391259,0.0297029702970297,0.00482253684407098,0.415841584158416
"144","x36341_1003_76724_14_83",1.37779985198191,0.0099009900990099,0.012028354192299,0.178217821782178
"145","x18034_872_61741_8_521",1.37664036124623,0.0297029702970297,0.0144891926849733,0.247524752475248
"146","x24946_654_65776_11_907",1.3763502771991,0.0297029702970297,0.0140456292324807,0.257425742574257
"147","x30845_1028_7865_13_424",1.37393739844972,0.0099009900990099,0.247464291132004,0.0099009900990099
"148","x15384_803_55665_7_451",1.37270655154318,0.0297029702970297,0.0161157488550923,0.118811881188119
"149","x38550_936_83573_15_605",1.37229401399243,0.0198019801980198,0.0041184699159664,0.217821782178218
"150","x16874_548_46763_8_079",1.3716800545992,0.0099009900990099,0.128428167499874,0.0099009900990099
"151","x16341_820_59214_7_831",1.37164171390345,0.0198019801980198,0.021658508815098,0.118811881188119
"152","x14058_828_55213_6_917",1.37121605379276,0.0198019801980198,0.000565053232323244,0.396039603960396
"153","x39912_935_88376_16_201",1.37101618899429,0.0099009900990099,0.00690884705300548,0.148514851485149
"154","x39916_932_86586_16_19",1.3703046988866,0.0198019801980198,0.0190329694360902,0.0693069306930693
"155","x20327_842_53288_9_599",1.36981588396369,0.0099009900990099,0.331022415920889,0.0099009900990099
"156","x32498_815_69472_13_783",1.36977092457923,0.0396039603960396,0.0385040101840409,0.118811881188119
"157","x36485_1004_86243_14_867",1.36844886048306,0.0198019801980198,0.00998946569013341,0.207920792079208
"158","x16435_673_42359_7_876",1.36714353761884,0.0099009900990099,0.128588090840995,0.0198019801980198
"159","x38051_962_83376_15_344",1.36613851514556,0.0396039603960396,0.0251601931531532,0.207920792079208
"160","x15710_866_57873_7_541",1.3657789661686,0.0099009900990099,0.007778653989011,0.118811881188119
"161","x32766_1058_82907_13_881",1.36542629281788,0.0099009900990099,0.114504156102767,0.0099009900990099
"162","x37194_604_63974_15_115",1.36401292418695,0.0297029702970297,0.0121293391140643,0.227722772277228
"163","x34774_517_25998_14_322",1.36326596738614,0.0099009900990099,0.942309417832402,0.0099009900990099
"164","x24732_609_4845_11_833",1.36236626679811,0.0099009900990099,0.270248891649414,0.0099009900990099
"165","x7487_762_52879_4_412",1.3623454726397,0.0099009900990099,0.0481214058483177,0.0297029702970297
"166","x37714_926_81202_15_275",1.36163264296423,0.0198019801980198,6.07528571428588e-05,0.455445544554455
"167","x24591_720_59032_11_808",1.36138594306684,0.0297029702970297,0.00532926972890665,0.356435643564356
"168","x37202_1074_84579_15_078",1.35833080504938,0.0099009900990099,0.148173956920003,0.0099009900990099
"169","x19799_395_36729_9_301",1.35752295433266,0.0396039603960396,0.00643755694444445,0.316831683168317
"170","x18730_794_55704_8_736",1.35442122196334,0.0396039603960396,0.0157114014252415,0.148514851485149
"171","x7747_625_42542_4_454",1.35329912199823,0.0099009900990099,0.00841688493734336,0.0495049504950495
"172","x22128_882_52127_10_506",1.35310717588651,0.0198019801980198,0.00398218545454546,0.316831683168317
"173","x32092_796_70315_13_703",1.34886000471219,0.0495049504950495,0.00191089049773756,0.376237623762376
"174","x15095_631_43371_7_337",1.34878036508486,0.0099009900990099,8.97454545454659e-05,0.495049504950495
"175","x13938_756_51494_6_838",1.34792927281187,0.0099009900990099,0.02338084540534,0.0495049504950495
"176","x21059_833_59067_9_92",1.3469732239141,0.0396039603960396,0.0102815317460317,0.207920792079208
"177","x11365_752_54525_5_759",1.34414306074359,0.0099009900990099,0.000302600865800866,0.267326732673267
"178","x16578_624_50009_8_017",1.34133313504665,0.0099009900990099,0.0136413017649453,0.0396039603960396
"179","x14507_646_50376_7_069",1.34124231139485,0.0198019801980198,0.000304098888888893,0.574257425742574
"180","x33259_986_75108_13_945",1.33999921058733,0.0099009900990099,1.37242423169512,0.0099009900990099
"181","x17834_674_51372_8_404",1.33980398949962,0.0198019801980198,0.0204536575757576,0.108910891089109
"182","x34933_990_78585_14_396",1.33910911334242,0.0099009900990099,0.11064680861193,0.0099009900990099
"183","x38282_938_81487_15_501",1.33881168435499,0.0099009900990099,0.000853147460317471,0.217821782178218
"184","x27821_644_5402_12_74",1.33810053680168,0.0099009900990099,0.431791039145103,0.0099009900990099
"185","x34280_936_82205_14_226",1.33428343951582,0.0198019801980198,0.416975368800699,0.0099009900990099
"186","x13871_377_3206_6_805",1.33378290636993,0.0198019801980198,0.0562877269196872,0.0693069306930693
"187","x6394_566_40997_4_025",1.33205053688756,0.0099009900990099,0.0023907578021978,0.188118811881188
"188","x18313_695_53698_8_594",1.33183541928105,0.0198019801980198,0.000605450714285717,0.336633663366337
"189","x24108_848_61712_11_63",1.33096910704916,0.0099009900990099,0.00532752050391129,0.178217821782178
"190","x35250_995_78636_14_533",1.33025311402293,0.0099009900990099,0.32370918238191,0.0099009900990099
"191","x18127_810_59254_8_525",1.32979930162047,0.0396039603960396,0.0804990773803703,0.0396039603960396
"192","x39216_1016_89708_15_829",1.32920030093034,0.0297029702970297,0.00442374492424244,0.336633663366337
"193","x20558_738_50533_9_733",1.32831586476419,0.0099009900990099,0.000259040170940172,0.178217821782178
"194","x31221_636_62725_13_562",1.32472933610211,0.0396039603960396,0.0138672259479344,0.316831683168317
"195","x771_533_27278_1_232",1.32146057201648,0.0099009900990099,0.385702411998595,0.0099009900990099
"196","x14607_724_5488_7_117",1.32095635389774,0.0099009900990099,0.000446888205128225,0.148514851485149
"197","x15119_742_50006_7_335",1.31949810897727,0.0198019801980198,0.0170769678876679,0.118811881188119
"198","x37751_1056_89293_15_298",1.31928181598901,0.0396039603960396,0.0049762684848485,0.297029702970297
"199","x9892_698_53789_5_215",1.31545434511211,0.0297029702970297,0.00346532333333333,0.099009900990099
"200","x39590_982_88043_16_013",1.31519863008757,0.0396039603960396,0.00584508650793652,0.277227722772277
"201","x3748_574_38781_3_19",1.31407921779767,0.0198019801980198,0.00450680442352053,0.128712871287129
"202","x33777_724_62428_14_091",1.31264507295837,0.0099009900990099,0.0166402184817396,0.0297029702970297
"203","x14562_875_6115_7_096",1.31173996033501,0.0099009900990099,0.000141306190476193,0.168316831683168
"204","x33447_930_77529_13_995",1.31116710002033,0.0099009900990099,0.225420173986096,0.0099009900990099
"205","x16004_657_48897_7_705",1.31057575351823,0.0099009900990099,0.0230550451190476,0.0099009900990099
"206","x10830_774_52456_5_571",1.31026225767563,0.0297029702970297,0.0211271146789138,0.118811881188119
"207","x20254_814_56996_9_564",1.31017191297245,0.0297029702970297,0.00264875252100847,0.445544554455446
"208","x29307_924_74001_13_076",1.30452698053352,0.0198019801980198,0.0189626074893086,0.108910891089109
"209","x20431_630_5074_9_662",1.30047461217263,0.0099009900990099,0.00190757313186811,0.247524752475248
"210","x39233_858_79186_15_915",1.29881414895207,0.0297029702970297,0.00655704427067336,0.148514851485149
"211","x8507_802_56255_4_726",1.29835379565049,0.0198019801980198,9.1872857142858e-05,0.297029702970297
"212","x25676_930_65836_12_124",1.29718961278604,0.0297029702970297,0.0184105928964584,0.128712871287129
"213","x14175_583_41505_6_916",1.29420597180203,0.0198019801980198,0.00498818253968255,0.168316831683168
"214","x31032_800_65467_13_454",1.29356394360426,0.0297029702970297,0.0228198745351043,0.0792079207920792
"215","x17067_824_60696_8_149",1.29292495955229,0.0099009900990099,0.00713712036630036,0.0792079207920792
"216","x4658_506_38413_3_522",1.29218101010703,0.0198019801980198,0.0294720102564102,0.0495049504950495
"217","x40590_946_91635_16_519",1.29112913378223,0.0495049504950495,0.000140616666666666,0.396039603960396
"218","x13273_793_48625_6_563",1.28958020755222,0.0198019801980198,0.0657142181734609,0.0099009900990099
"219","x33842_843_64496_14_128",1.28827216253588,0.0396039603960396,0.0127435787344138,0.148514851485149
"220","x36451_975_81862_14_879",1.28770744298404,0.0099009900990099,0.0143112251416122,0.118811881188119
"221","x33988_1006_78994_14_111",1.28479077229409,0.0198019801980198,0.0022735221969697,0.306930693069307
"222","x10725_698_53746_5_53",1.2845839918568,0.0297029702970297,4.28380952380985e-05,0.465346534653465
"223","x20746_852_61212_9_867",1.27748466811015,0.0297029702970297,0.0015755811904762,0.297029702970297
"224","x23162_798_60466_11_2",1.27606689171123,0.0198019801980198,0.000226488961038963,0.287128712871287
"225","x35398_845_66169_14_534",1.27395296687669,0.0198019801980198,0.195744142527238,0.0099009900990099
"226","x28346_738_6043_12_8",1.27275403516493,0.0396039603960396,0.0572449980719736,0.0198019801980198
"227","x26361_852_6736_12_323",1.26918753332707,0.0198019801980198,0.0592980552034001,0.0396039603960396
"228","x25350_738_61827_12_013",1.26849874674247,0.0099009900990099,0.00127922301587302,0.524752475247525
"229","x32524_698_60688_13_777",1.26454676511342,0.0198019801980198,0.198644159475061,0.0099009900990099
"230","x33109_880_76173_13_93",1.26354085104642,0.0099009900990099,0.0303039851587302,0.0099009900990099
"231","x34881_988_85454_14_377",1.25979706088254,0.0396039603960396,0.0110622873412699,0.148514851485149
"232","x24703_892_53572_11_83",1.2576253327209,0.0099009900990099,0.340541490088772,0.0099009900990099
"233","x38840_926_8127_15_738",1.25728741788285,0.0396039603960396,0.00283632821492233,0.445544554455446
"234","x39130_910_78655_15_862",1.25650338563317,0.0099009900990099,0.00521586444444446,0.0693069306930693
"235","x30098_534_56173_13_345",1.25471265386674,0.0396039603960396,0.0139892698560263,0.198019801980198
"236","x35334_890_78401_14_481",1.25454285804068,0.0396039603960396,0.167390016223638,0.0099009900990099
"237","x31778_545_49309_13_63",1.25019884473473,0.0297029702970297,0.0724827923901431,0.0198019801980198
"238","x29537_1338_20407_13_139",1.24434458429147,0.0198019801980198,0.000357120000000012,0.465346534653465
"239","x25738_724_58821_12_089",1.240871023997,0.0396039603960396,0.0149632134932814,0.168316831683168
"240","x40013_880_83367_16_227",1.23644500436506,0.0396039603960396,0.00174109444444446,0.396039603960396
"241","x24433_568_53014_11_75",1.23448731803916,0.0198019801980198,0.0268291156211763,0.0198019801980198
"242","x33078_715_58875_13_947",1.23437078574105,0.0099009900990099,0.368299720492699,0.0099009900990099
"243","x27874_738_5407_12_69",1.23369741933882,0.0396039603960396,0.00433293830447332,0.386138613861386
"244","x20641_710_62578_9_801",1.23254635820593,0.0198019801980198,0.00585831306352428,0.148514851485149
"245","x1912_405_21326_1_971",1.22859139134039,0.0297029702970297,0.00172853994152046,0.198019801980198
"246","x33494_984_82429_14_038",1.22806347342985,0.0198019801980198,0.115094726506264,0.0099009900990099
"247","x36778_901_72364_14_965",1.22744871894504,0.0297029702970297,0.187170830893791,0.0099009900990099
"248","x18655_754_56196_8_753",1.22645175262429,0.0099009900990099,6.20295238095247e-05,0.207920792079208
"249","x18630_823_53322_8_746",1.22347200792213,0.0198019801980198,0.00315500833333335,0.178217821782178
"250","x36128_852_74526_14_761",1.22268843600032,0.0495049504950495,0.0467676266125541,0.0891089108910891
"251","x33812_940_73023_14_021",1.2183186804077,0.0099009900990099,0.0103716944137655,0.0495049504950495
"252","x5193_607_41495_3_685",1.21812971266075,0.0198019801980198,0.000194517777777778,0.356435643564356
"253","x1785_465_22534_1_78",1.21431066981471,0.0099009900990099,0.0178465889894419,0.128712871287129
"254","x17899_703_4758_8_462",1.21182041457702,0.0495049504950495,0.024938435635753,0.188118811881188
"255","x34234_784_71858_14_203",1.211780864208,0.0198019801980198,0.000882911111111119,0.178217821782178
"256","x1844_409_27344_1_928",1.21177468236128,0.0198019801980198,0.0164968002380953,0.0297029702970297
"257","x26240_832_6209_12_29",1.20765729268839,0.0495049504950495,0.00254833217094021,0.386138613861386
"258","x6672_666_50851_4_14",1.20748635342488,0.0396039603960396,0.00182082075414781,0.346534653465347
"259","x1006_558_36434_1_361",1.20426247300417,0.0099009900990099,7.48666666666704e-05,0.108910891089109
"260","x25253_867_54191_11_981",1.20008736319273,0.0099009900990099,0.68318322544143,0.0099009900990099
"261","x37343_928_82575_15_164",1.19973920441793,0.0297029702970297,0.000843265598290605,0.623762376237624
"262","x32560_738_64189_13_795",1.19881540916676,0.0198019801980198,0.001383335,0.267326732673267
"263","x33083_969_6917_13_893",1.1968534619875,0.0198019801980198,0.00854279499957407,0.158415841584158
"264","x33172_864_70543_13_935",1.196321012334,0.0495049504950495,0.00048514285714286,0.485148514851485
"265","x40068_912_80383_16_205",1.19565960638357,0.0297029702970297,0.0403762410671681,0.0594059405940594
"266","x22839_830_63878_10_909",1.19464939086762,0.0099009900990099,0.0444046423924741,0.0198019801980198
"267","x38083_830_76283_15_415",1.19111685260139,0.0297029702970297,0.00162252494372297,0.316831683168317
"268","x19280_669_53022_9_055",1.18733863997607,0.0198019801980198,0.00101864378787879,0.247524752475248
"269","x13844_808_52316_6_781",1.18728949675066,0.0099009900990099,0.0342527162179487,0.0297029702970297
"270","x999_535_28812_1_365",1.18541065262634,0.0198019801980198,0.0483069601011913,0.0099009900990099
"271","x34979_769_63191_14_392",1.18247495502832,0.0198019801980198,0.00619982366633369,0.227722772277228
"272","x11096_660_52009_5_652",1.18000532872536,0.0099009900990099,0.022725065211931,0.0297029702970297
"273","x10091_411_32632_5_255",1.17976207460612,0.0198019801980198,0.0414738780202799,0.0495049504950495
"274","x39222_928_83161_15_822",1.16848370200677,0.0198019801980198,0.00759249886668889,0.099009900990099
"275","x18206_864_5817_8_567",1.16830693418222,0.0495049504950495,0.0276070071644043,0.0891089108910891
"276","x6788_609_43235_4_148",1.16732902767995,0.0099009900990099,0.00116275952380952,0.247524752475248
"277","x9361_550_42231_5_063",1.16649589953788,0.0198019801980198,0.00329230892857144,0.188118811881188
"278","x10746_828_57545_5_523",1.16099573320118,0.0198019801980198,0.0069890801877591,0.227722772277228
"279","x16653_786_53907_7_986",1.15494302274131,0.0198019801980198,0.000457447619047621,0.267326732673267
"280","x29067_706_57744_13_009",1.15404414440297,0.0198019801980198,0.000664759688311694,0.366336633663366
"281","x17088_780_5517_8_163",1.15395374831776,0.0099009900990099,0.00422068571428571,0.0594059405940594
"282","x26162_676_53036_12_247",1.15355143295358,0.0198019801980198,0.000832161428571443,0.297029702970297
"283","x6740_652_45487_4_136",1.15297259528767,0.0297029702970297,0.0011485348895549,0.346534653465347
"284","x21988_754_65571_10_456",1.15233163770042,0.0297029702970297,0.00449467913419913,0.207920792079208
"285","x24197_886_63402_11_656",1.14521903266901,0.0495049504950495,0.00963991669977083,0.227722772277228
"286","x25021_862_63225_11_92",1.14516593316861,0.0495049504950495,0.0154324639928025,0.158415841584158
"287","x31731_696_59172_13_613",1.1433767688127,0.0198019801980198,0.00599160366300364,0.0792079207920792
"288","x34672_982_78806_14_342",1.14144837558742,0.0495049504950495,0.103009974479161,0.0594059405940594
"289","x37317_851_78576_15_159",1.14081862785997,0.0396039603960396,0.00634746686868683,0.237623762376238
"290","x22253_736_58558_10_586",1.13840912012909,0.0297029702970297,0.00342579515151516,0.306930693069307
"291","x17289_716_58621_8_279",1.13709642842162,0.0396039603960396,0.00477274378205131,0.138613861386139
"292","x32533_864_76881_13_827",1.13445273818694,0.0198019801980198,0.00184710158730159,0.198019801980198
"293","x35354_942_81453_14_499",1.13302456420653,0.0396039603960396,0.235597438195921,0.0099009900990099
"294","x28903_654_58001_12_962",1.13277743777057,0.0396039603960396,0.000546143137254901,0.683168316831683
"295","x10179_846_58539_5_335",1.13245587722011,0.0099009900990099,0.000852020000000012,0.207920792079208
"296","x30530_429_37294_13_372",1.13235585758709,0.0495049504950495,0.165686386498617,0.0297029702970297
"297","x5072_434_36337_3_679",1.132225961201,0.0297029702970297,0.0209079167899292,0.0594059405940594
"298","x25839_857_53605_12_165",1.13209410347441,0.0297029702970297,0.0067566616162787,0.237623762376238
"299","x38490_972_80122_15_591",1.13197698344589,0.0396039603960396,0.000303368253968255,0.663366336633663
"300","x14720_769_48673_7_132",1.13053818618958,0.0198019801980198,0.00498406000000003,0.138613861386139
"301","x39764_839_82587_16_1",1.12630253071294,0.0198019801980198,0.200722955181967,0.0099009900990099
"302","x34468_665_7295_14_247",1.12479482445673,0.0495049504950495,0.00212628277777779,0.396039603960396
"303","x8866_758_50076_4_774",1.12147110391933,0.0297029702970297,0.0209391491038884,0.0297029702970297
"304","x8139_756_52264_4_57",1.11946294068153,0.0297029702970297,0.00251264896065923,0.287128712871287
"305","x36498_996_79799_14_847",1.11687915454476,0.0396039603960396,0.315612502344745,0.0099009900990099
"306","x8067_690_50859_4_543",1.11658503793322,0.0396039603960396,0.0180008157142857,0.0891089108910891
"307","x6293_502_38985_3_956",1.11421109600116,0.0198019801980198,0.00248845903540905,0.227722772277228
"308","x11499_838_63716_5_812",1.10979219676826,0.0396039603960396,0.0016913180952381,0.207920792079208
"309","x30544_892_76342_13_35",1.10861107325263,0.0297029702970297,0.0121954334827264,0.118811881188119
"310","x39757_1024_9268_16_103",1.10846532699363,0.0495049504950495,0.00171467833333335,0.504950495049505
"311","x34913_841_70936_14_381",1.10769480113094,0.0099009900990099,0.00081049333333334,0.227722772277228
"312","x16293_814_58146_7_808",1.10735119574562,0.0495049504950495,0.0274573301666667,0.0693069306930693
"313","x10070_751_57588_5_291",1.10705275748462,0.0099009900990099,0.000705055952380971,0.287128712871287
"314","x33682_902_72385_14_07",1.10646775901813,0.0198019801980198,0.001323793358396,0.326732673267327
"315","x13533_878_61743_6_628",1.10591441664194,0.0297029702970297,0.00289947059339527,0.198019801980198
"316","x21262_634_48304_10_078",1.10428895139385,0.0297029702970297,0.00355248793650794,0.277227722772277
"317","x34323_918_74543_14_217",1.1042810505873,0.0099009900990099,0.0130125325918762,0.0495049504950495
"318","x31970_788_6557_13_654",1.1014261242815,0.0297029702970297,0.053172093460925,0.0099009900990099
"319","x13355_638_53577_6_628",1.1009469180686,0.0495049504950495,0.000531878095238096,0.297029702970297
"320","x28735_639_57413_12_932",1.09672546406466,0.0396039603960396,0.00110404575757576,0.217821782178218
"321","x16553_716_58463_7_976",1.0962035248083,0.0297029702970297,0.0215781099479468,0.128712871287129
"322","x4112_585_4311_3_399",1.09365279250161,0.0495049504950495,0.0140630876562938,0.158415841584158
"323","x39343_925_76009_15_938",1.09153097050328,0.0396039603960396,0.00434570467532469,0.306930693069307
"324","x3446_619_21836_3_078",1.08945647261894,0.0099009900990099,0.0030250753968254,0.0495049504950495
"325","x15376_379_33571_7_457",1.08901035152235,0.0396039603960396,0.0855293219201851,0.0396039603960396
"326","x29802_776_64329_13_166",1.0851700569392,0.0099009900990099,0.307249805517715,0.0099009900990099
"327","x23373_613_55607_11_279",1.08430136517094,0.0297029702970297,0.0200704844444445,0.0495049504950495
"328","x18769_814_55822_8_827",1.08422340438716,0.0495049504950495,0.00763570840201465,0.198019801980198
"329","x27314_850_59092_12_556",1.08361806249024,0.0396039603960396,0.0100566277489178,0.158415841584158
"330","x29486_862_51736_13_153",1.08304894961623,0.0396039603960396,0.000780068571428571,0.277227722772277
"331","x31784_886_68916_13_629",1.08081804824455,0.0099009900990099,0.206610132247959,0.0099009900990099
"332","x436_337_10382_1_025",1.08053994964424,0.0297029702970297,0.000478082539682538,0.277227722772277
"333","x3009_515_31994_2_867",1.07889414040859,0.0198019801980198,0.0825007247961644,0.0297029702970297
"334","x31296_826_71412_13_571",1.07872733468326,0.0198019801980198,0.0139224431020734,0.108910891089109
"335","x9423_650_47809_5_05",1.07754396993196,0.0297029702970297,0.00204649357142857,0.207920792079208
"336","x15298_790_54648_7_425",1.07655560187637,0.0297029702970297,0.00786361643066611,0.0396039603960396
"337","x22802_855_63702_10_887",1.07520416985212,0.0297029702970297,0.0179244145054945,0.0891089108910891
"338","x19607_1098_71556_9_218",1.07399755803649,0.0099009900990099,0.309557621352657,0.0099009900990099
"339","x20469_784_5443_9_701",1.07243257057911,0.0495049504950495,0.0116734351882758,0.148514851485149
"340","x31959_703_60116_13_66",1.07212802158586,0.0396039603960396,0.00419333258421321,0.158415841584158
"341","x30695_816_68579_13_387",1.06971024803478,0.0297029702970297,0.000444042142857146,0.376237623762376
"342","x29355_792_67416_13_167",1.06967414094571,0.0495049504950495,0.00287450309523814,0.277227722772277
"343","x33030_982_80734_13_917",1.06836582581711,0.0396039603960396,0.0297925460644644,0.0099009900990099
"344","x9040_800_54926_4_935",1.06734509691625,0.0297029702970297,0.0307778659891108,0.0495049504950495
"345","x36130_972_79507_14_703",1.06106695771478,0.0297029702970297,0.116445066841854,0.0099009900990099
"346","x6068_625_42484_3_94",1.05949740837388,0.0297029702970297,0.0346422430536812,0.0495049504950495
"347","x28587_664_58649_12_936",1.05875885560138,0.0396039603960396,0.00313052311111113,0.227722772277228
"348","x10371_918_37327_5_401",1.0583350231186,0.0198019801980198,0.00397840309523809,0.217821782178218
"349","x29825_1055_81214_13_195",1.05702641196239,0.0099009900990099,0.106578139527182,0.0099009900990099
"350","x31988_887_69157_13_647",1.0566979472355,0.0099009900990099,0.0117834878019324,0.0495049504950495
"351","x37146_822_75135_15_089",1.05514555629524,0.0198019801980198,0.000445292777777784,0.297029702970297
"352","x11323_1043_52884_5_754",1.05337987305449,0.0099009900990099,2.27595238095288e-05,0.306930693069307
"353","x13917_710_51247_6_81",1.05107776117869,0.0495049504950495,0.00041112253968254,0.257425742574257
"354","x35123_996_79685_14_423",1.05076580244651,0.0396039603960396,0.00214476845238095,0.277227722772277
"355","x26121_1401_10835_12_257",1.04633717733243,0.0396039603960396,0.00912762833333337,0.0792079207920792
"356","x10808_708_49607_5_57",1.04392652237808,0.0297029702970297,0.00737766533910534,0.099009900990099
"357","x28977_593_27458_12_984",1.04379742300427,0.0099009900990099,0.21396990581189,0.0099009900990099
"358","x18227_406_79362_8_552",1.0429471815867,0.0297029702970297,0.00186309580314423,0.207920792079208
"359","x9988_848_52855_5_253",1.04211433964669,0.0297029702970297,0.00122905137085139,0.277227722772277
"360","x34243_984_82318_14_205",1.03980200359473,0.0396039603960396,0.0164084876086956,0.0693069306930693
"361","x32848_981_79237_13_882",1.03729854268067,0.0099009900990099,0.124717024094331,0.0099009900990099
"362","x6524_413_3415_4_08",1.03554736504359,0.0396039603960396,0.0114980078490344,0.138613861386139
"363","x34096_858_73418_14_16",1.03363154074182,0.0297029702970297,0.01241184,0.138613861386139
"364","x20645_887_56832_9_766",1.03330089859112,0.0495049504950495,0.0098679876302521,0.237623762376238
"365","x28494_988_77246_12_882",1.03258763644456,0.0099009900990099,0.0527336591518721,0.0198019801980198
"366","x9733_431_35243_5_156",1.03079294908576,0.0198019801980198,0.0296218878321678,0.0198019801980198
"367","x10376_946_40565_5_4",1.02980646952102,0.0396039603960396,0.00101734611528823,0.524752475247525
"368","x10999_734_53455_5_632",1.02811476807486,0.0396039603960396,0.000679573333333333,0.277227722772277
"369","x6230_466_32962_3_999",1.0266709416263,0.0396039603960396,0.00093207071428573,0.356435643564356
"370","x11657_673_49039_5_857",1.0254220987798,0.0099009900990099,0.0322335619185646,0.0099009900990099
"371","x33589_786_66119_14_036",1.02392852326191,0.0495049504950495,0.0259985223057645,0.0891089108910891
"372","x31782_1056_81867_13_638",1.0223233963642,0.0099009900990099,0.101210356259344,0.0099009900990099
"373","x19359_732_53202_9_122",1.02122728808517,0.0198019801980198,0.00529886900656815,0.128712871287129
"374","x18841_676_52294_8_827",1.02095858840183,0.0396039603960396,0.028034260952381,0.128712871287129
"375","x33190_796_70379_13_912",1.0192376643896,0.0099009900990099,0.000883510000000002,0.148514851485149
"376","x38899_912_83585_15_749",1.01915385491086,0.0396039603960396,0.000465306666666672,0.405940594059406
"377","x14403_445_36731_7_045",1.01793989339704,0.0198019801980198,0.033046988274108,0.0495049504950495
"378","x29839_794_70024_13_224",1.01717144640902,0.0495049504950495,0.00171851380952382,0.217821782178218
"379","x20961_548_50491_9_943",1.01706936831249,0.0495049504950495,0.0494583413823431,0.0396039603960396
"380","x4953_581_41701_3_627",1.01453478880119,0.0198019801980198,0.00134654718614719,0.138613861386139
"381","x36121_842_72119_14_713",1.01310313856723,0.0297029702970297,0.000550501587301598,0.188118811881188
"382","x15729_690_56754_7_561",1.01198698502493,0.0198019801980198,0.000167884444444447,0.277227722772277
"383","x20938_788_5565_9_894",1.01123864494474,0.0396039603960396,0.00448602500379997,0.485148514851485
"384","x5137_636_46227_3_697",1.01069574093386,0.0396039603960396,0.00136674166666667,0.326732673267327
"385","x39630_918_86164_16_034",1.01032535821698,0.0495049504950495,0.00211843333333333,0.386138613861386
"386","x10329_774_56618_5_417",1.00849747437805,0.0396039603960396,0.00128158333333334,0.277227722772277
"387","x33294_992_7645_13_963",1.00792840199113,0.0396039603960396,0.00989380666666668,0.138613861386139
"388","x35908_687_57109_14_663",1.00781149587517,0.0099009900990099,0.00642364605937922,0.099009900990099
"389","x14249_790_54653_6_965",1.00735547041674,0.0198019801980198,0.0491898056611484,0.0099009900990099
"390","x30911_976_75525_13_423",1.00626900363689,0.0198019801980198,0.052333204333802,0.0099009900990099
"391","x8596_469_40105_4_748",1.00551191871579,0.0297029702970297,0.0012263346969697,0.227722772277228
"392","x19935_782_56932_9_375",1.00539326745853,0.0198019801980198,0.00572450718708827,0.0594059405940594
"393","x33347_862_76196_13_969",1.00422137898006,0.0198019801980198,0.00221609282051283,0.356435643564356
"394","x5714_413_34141_3_822",1.00352339199904,0.0495049504950495,0.00333918055555557,0.237623762376238
"395","x35861_916_79925_14_637",1.00102453477211,0.0297029702970297,0.0689561646229881,0.0099009900990099
"396","x5391_581_40009_3_741",1.00100150250438,0.0495049504950495,0.000638409090909091,0.237623762376238
"397","x19519_718_54594_9_187",1.00100150250438,0.0495049504950495,0.0027504761904762,0.128712871287129
"398","x28126_851_67266_12_787",1.00100150250438,0.0396039603960396,0.000950914285714291,0.108910891089109
"399","x21736_802_62009_10_331",1.00100150250438,0.0198019801980198,0.10884758030904,0.0099009900990099
"400","x2610_631_3622_2_568",1.00100150250438,0.0396039603960396,0.00208673506787333,0.0495049504950495
"401","x10844_816_5988_5_59",1.00100150250438,0.0495049504950495,0.000363,0.118811881188119
"402","x25461_546_52575_12_038",1.00100150250438,0.0495049504950495,2.59285714285973e-06,0.405940594059406
"403","x21830_708_61418_10_381",1.00100150250438,0.0297029702970297,7.02250000000015e-05,0.237623762376238
"404","x3243_1134_6975_2_992",1.00100150250438,0.0396039603960396,0.074907867494824,0.0099009900990099
"405","x18502_750_59049_8_694",1.00100150250438,0.0297029702970297,0.109782579949719,0.0099009900990099
"406","x7406_812_58959_4_391",1.00100150250438,0.0297029702970297,0.000245466666666667,0.0594059405940594
"407","x19939_774_54938_9_449",1.00100150250438,0.0396039603960396,0.0322500892857144,0.0099009900990099
"408","x16366_770_5543_7_842",1.00100150250438,0.0396039603960396,0.0157942944155844,0.0297029702970297
"409","x12596_1023_54429_6_272",1.00100150250438,0.0495049504950495,0.0149046927609427,0.0198019801980198
"410","x37516_873_77138_15_226",1.00100150250438,0.0495049504950495,0.000414993333333336,0.326732673267327
"411","x20569_828_61115_9_744",1.00100150250438,0.0495049504950495,5.40800000000008e-05,0.445544554455446
"412","x16143_713_47562_7_738",1.00100150250438,0.0396039603960396,0.000408333333333339,0.099009900990099
"413","x23535_933_57444_11_394",1.00100150250438,0.0396039603960396,0.101980515783018,0.0099009900990099
"414","x13294_612_40068_6_574",1.00100150250438,0.0198019801980198,1.82533333333321e-05,0.0495049504950495
"415","x2677_424_34105_2_61",1.00100150250438,0.0396039603960396,7.97666666666703e-05,0.0495049504950495
"416","x21486_828_63245_10_207",1.00100150250438,0.0396039603960396,0.0101190376691729,0.0594059405940594
"417","x14812_755_57863_7_22",1.00100150250438,0.0198019801980198,0.00169150476190476,0.0495049504950495
"418","x13898_812_55885_6_82",1.00100150250438,0.0495049504950495,9.18533333333329e-05,0.198019801980198
"419","x28766_994_76975_12_916",1.00100150250438,0.0099009900990099,0.000475611428571431,0.138613861386139
"420","x2985_615_40331_2_875",1.00100150250438,0.0297029702970297,0.00201523809523815,0.0099009900990099
"421","x31474_839_6159_13_541",1.00100150250438,0.0198019801980198,0.0847909190143615,0.0198019801980198
"422","x13632_868_58628_6_66",1.00100150250438,0.0495049504950495,1.66666666666426e-07,0.316831683168317
"423","x15166_655_43392_7_367",1.00100150250438,0.0297029702970297,0.0485418785507247,0.0099009900990099
"424","x18105_767_54756_8_532",1.00100150250438,0.0198019801980198,0.000253500000000006,0.108910891089109
"425","x25801_569_43633_12_157",1.00100150250438,0.0396039603960396,0.00402289200000004,0.0495049504950495
"426","x6059_643_43201_3_937",1.00100150250438,0.0198019801980198,0.00242406000000005,0.0099009900990099
"427","x31395_760_62572_13_55",1.00100150250438,0.0396039603960396,1.64571428571492e-06,0.386138613861386
"428","x13378_795_49558_6_605",1.00100150250438,0.0297029702970297,0.00415280778843361,0.138613861386139
"429","x15770_887_50539_7_56",1.00100150250438,0.0297029702970297,0.000304804761904766,0.0891089108910891
"430","x2682_396_31106_2_618",1.00100150250438,0.0099009900990099,0.000180266666666668,0.0693069306930693
"431","x370_692_41725_1_011",1.00100150250438,0.0396039603960396,8.67e-05,0.188118811881188
"432","x25078_620_56068_11_944",1.00100150250438,0.0495049504950495,0.000158106666666669,0.267326732673267
"433","x21075_1304_06993_10_011",1.00100150250438,0.0396039603960396,0.00380266713450292,0.0396039603960396
"434","x15324_337_27346_7_44",1.00100150250438,0.0099009900990099,0.00174116571428571,0.0297029702970297
"435","x31327_876_73065_13_533",1.00100150250438,0.0297029702970297,0.000123611428571436,0.178217821782178
"436","x12031_744_53997_6_035",1.00100150250438,0.0198019801980198,0.0879136082635046,0.0099009900990099
"437","x2970_381_29909_2_833",1.00100150250438,0.0396039603960396,3.97726695526774e-05,0.138613861386139
"438","x28437_798_59718_12_833",1.00100150250438,0.0198019801980198,0.0001445,0.158415841584158
"439","x23934_796_61819_11_584",1.00100150250438,0.0495049504950495,2.00083333333367e-05,0.623762376237624
"440","x4456_551_26392_3_49",1.00100150250438,0.0495049504950495,0.00299000833333333,0.0594059405940594
"441","x20390_722_56991_9_626",1.00100150250438,0.0396039603960396,2.01666666666718e-05,0.346534653465347
"442","x13925_639_48668_6_854",1.00100150250438,0.0495049504950495,0.000144952380952381,0.148514851485149
"443","x18254_891_56434_8_575",1.00100150250438,0.0198019801980198,0.0562760705186881,0.0099009900990099
"444","x5483_839_43436_3_736",1.00100150250438,0.0396039603960396,6.45333333333333e-05,0.0891089108910891
"445","x28756_854_66697_12_925",1.00100150250438,0.0495049504950495,0.000121245714285714,0.287128712871287
"446","x40046_1105_00892_16_251",1.00100150250438,0.0297029702970297,0.00768143129370632,0.0198019801980198
"447","x1752_617_4195_1_838",1.00100150250438,0.0099009900990099,0.00637655999999998,0.0297029702970297
"448","x9859_888_60172_5_196",1.00100150250438,0.0396039603960396,0.000354887878787881,0.267326732673267
"449","x9785_740_52395_5_19",1.00100150250438,0.0495049504950495,0.000133017777777782,0.386138613861386
"450","x33937_822_71941_14_109",1.00100150250438,0.0495049504950495,0.00663324675324676,0.0891089108910891
"451","x35036_914_75836_14_336",1.00100150250438,0.0099009900990099,0.00580810000000001,0.0594059405940594
"452","x27415_938_70892_12_567",1.00100150250438,0.0198019801980198,0.101378250443841,0.0099009900990099
"453","x7469_849_47456_4_41",1.00100150250438,0.0198019801980198,0.00228353142857145,0.0198019801980198
"454","x37137_951_73523_15_073",1.00100150250438,0.0495049504950495,0.0228285264110502,0.0594059405940594
"455","x9375_672_52011_5_075",1.00100150250438,0.0396039603960396,0.000988054444444445,0.247524752475248
"456","x16867_882_60332_8_092",1.00100150250438,0.0297029702970297,0.000100000000000009,0.198019801980198
"457","x15223_835_5813_7_393",1.00100150250438,0.0495049504950495,4.26666666666642e-06,0.376237623762376
"458","x28944_568_56742_12_995",1.00100150250438,0.0396039603960396,0.0240038461538462,0.0099009900990099
"459","x16076_716_58327_7_685",1.00100150250438,0.0495049504950495,0.000297675,0.297029702970297
"460","x9972_670_52741_5_265",1.00100150250438,0.0396039603960396,0.0211717061818182,0.0198019801980198
"461","x24995_722_63072_11_913",1.00100150250438,0.0297029702970297,0.000174960000000006,0.188118811881188
"462","x14288_748_52873_7_023",1.00100150250438,0.0297029702970297,3.66095238095454e-06,0.287128712871287
"463","x13317_562_51999_6_583",1.00100150250438,0.0396039603960396,0.00385037051282052,0.0891089108910891
"464","x40505_1133_04136_16_468",1.00100150250438,0.0198019801980198,0.00766179692307691,0.0297029702970297
"465","x28687_633_48573_12_905",1.00100150250438,0.0495049504950495,0.00201520038461538,0.0792079207920792
"466","x3834_329_24766_3_312",1.00100150250438,0.0099009900990099,0.000972826666666634,0.0297029702970297
"467","x11649_838_55793_5_835",1.00100150250438,0.0495049504950495,0.01922622,0.0891089108910891
"468","x17653_854_55091_8_353",1.00100150250438,0.0495049504950495,0.00520216666666664,0.0495049504950495
"469","x14881_838_57298_7_228",1.00100150250438,0.0396039603960396,8.48979220779311e-05,0.227722772277228
"470","x8022_646_44615_4_533",1.00100150250438,0.0495049504950495,0.00105170071301248,0.207920792079208
"471","x6236_916_12931_4_001",1.00100150250438,0.0495049504950495,0.00513422222222222,0.178217821782178
"472","x12473_846_58385_6_212",1.00100150250438,0.0396039603960396,0.000257638787878793,0.188118811881188
"473","x29712_901_73633_13_211",1.00100150250438,0.0495049504950495,0.000131219047619048,0.178217821782178
"474","x1301_374_23659_1_587",1.00100150250438,0.0198019801980198,0.000877819393939395,0.0198019801980198
"475","x11253_648_52027_5_694",1.00100150250438,0.0495049504950495,0.00100340833333333,0.247524752475248
"476","x3857_447_31046_3_265",1.00100150250438,0.0396039603960396,0.0247520038095238,0.0099009900990099
"477","x14245_718_56217_6_991",1.00100150250438,0.0396039603960396,0.00574083333333333,0.138613861386139
"478","x29911_640_62491_13_232",1.00100150250438,0.0396039603960396,0.00538256538461538,0.0792079207920792
"479","x30512_947_7677_13_333",1.00100150250438,0.0099009900990099,0.000247542857142858,0.128712871287129
"480","x26845_693_61605_12_442",1.00100150250438,0.0297029702970297,0.00376320000000001,0.0594059405940594
"481","x39424_994_91316_15_986",1.00100150250438,0.0495049504950495,0.0019140761904762,0.158415841584158
"482","x9961_792_53732_5_237",1.00100150250438,0.0198019801980198,4.26666666666642e-06,0.316831683168317
"483","x22390_886_63074_10_654",1.00100150250438,0.0396039603960396,0.000260582857142857,0.306930693069307
"484","x4813_1187_43272_3_577",1.00100150250438,0.0297029702970297,0.00380192000000005,0.0297029702970297
"485","x31703_995_70122_13_665",1.00100150250438,0.0495049504950495,0.000468014285714293,0.237623762376238
"486","x29684_742_65725_13_104",1.00100150250438,0.0297029702970297,0.0018997030252101,0.099009900990099
"487","x12752_840_61496_6_375",1.00100150250438,0.0396039603960396,0.00142142645021647,0.128712871287129
"488","x36419_771_62755_14_787",1.00100150250438,0.0495049504950495,0.000141010389610392,0.277227722772277
"489","x32074_1009_73715_13_69",1.00100150250438,0.0198019801980198,0.100174008390542,0.0099009900990099
"490","x16087_844_59736_7_679",1.00100150250438,0.0297029702970297,0.00126405000000001,0.0594059405940594
"491","x7995_722_52163_4_539",1.00100150250438,0.0396039603960396,0.00501333585858586,0.0891089108910891
"492","x27127_1046_74166_12_477",1.00100150250438,0.0495049504950495,0.000287466666666667,0.366336633663366
"493","x13762_685_53035_6_732",1.00100150250438,0.0495049504950495,0.000179560000000002,0.148514851485149
"494","x22179_869_503_10_557",1.00100150250438,0.0198019801980198,0.00216160363636364,0.0693069306930693
"495","x9318_512_43352_5_02",1.00100150250438,0.0099009900990099,9.33428571428614e-05,0.118811881188119
"496","x13116_646_47056_6_497",1.00100150250438,0.0099009900990099,0.000856537777777779,0.0594059405940594
"497","x35903_964_85095_14_651",1.00100150250438,0.0396039603960396,0.0960373914417065,0.0099009900990099
"498","x15810_570_5097_7_543",1.00100150250438,0.0198019801980198,0.0019793072951232,0.0594059405940594
"499","x25483_864_52884_12_064",1.00100150250438,0.0396039603960396,0.00246669176470589,0.158415841584158
"500","x6862_532_4364_4_205",1.00100150250438,0.0396039603960396,0.00731971601731602,0.0495049504950495
"501","x35580_692_69223_14_55",1.00100150250438,0.0495049504950495,0.000417728571428578,0.138613861386139
"502","x15636_732_57769_7_5",1.00100150250438,0.0297029702970297,0.00114845538461539,0.0693069306930693
"503","x15808_872_63745_7_561",1.00100150250438,0.0396039603960396,0.00017546888888889,0.316831683168317
"504","x25144_701_58505_11_938",1.00100150250438,0.0396039603960396,0.00873090946969698,0.138613861386139
"505","x13506_706_57775_6_697",1.00100150250438,0.0495049504950495,0.0038923242857143,0.138613861386139
"506","x16659_782_53453_8_027",1.00100150250438,0.0198019801980198,0.00509693881578949,0.0198019801980198
"507","x11036_820_56635_5_662",1.00100150250438,0.0198019801980198,1.80266666666702e-05,0.217821782178218
"508","x3398_398_29237_3_047",1.00100150250438,0.0495049504950495,0.00103253333333333,0.267326732673267
"509","x17832_703_56646_8_416",1.00100150250438,0.0297029702970297,0.00113426272727273,0.178217821782178
"510","x28297_881_6807_12_802",1.00100150250438,0.0495049504950495,3.99999999999956e-06,0.306930693069307
"511","x40912_928_83443_16_707",1.00100150250438,0.0198019801980198,0.000660083333333334,0.0297029702970297
"512","x1250_708_41055_1_529",1.00100150250438,0.0495049504950495,0.000985833333333333,0.0495049504950495
"513","x22335_659_54831_10_621",1.00100150250438,0.0495049504950495,7.77857142857155e-05,0.188118811881188
"514","x40709_910_82287_16_592",1.00100150250438,0.0198019801980198,9.02060606061106e-06,0.0693069306930693
"515","x12675_806_53926_6_305",1.00100150250438,0.0495049504950495,0.00169433611111111,0.0594059405940594
"516","x1911_497_26881_1_99",1.00100150250438,0.0396039603960396,0.00373377857142857,0.0396039603960396
"517","x21731_313_27331_10_329",1.00100150250438,0.0198019801980198,0.00223313555555556,0.0099009900990099
"518","x2159_482_34977_2_157",1.00100150250438,0.0099009900990099,0.000108824242424244,0.0099009900990099
"519","x34746_908_79114_14_314",1.00100150250438,0.0198019801980198,0.0797473467391304,0.0099009900990099
"520","x2696_417_27895_2_634",1.00100150250438,0.0198019801980198,0.00272164571428573,0.0099009900990099
"521","x10405_765_45354_5_408",1.00100150250438,0.0495049504950495,0.000444275238095241,0.0891089108910891
"522","x2745_615_40481_2_679",1.00100150250438,0.0396039603960396,0.00501347500000002,0.0099009900990099
"523","x6000_482_36127_3_866",1.00100150250438,0.0495049504950495,0.0179209086629002,0.0297029702970297
"524","x10987_905_52287_5_621",1.00100150250438,0.0396039603960396,0.164493348479821,0.0099009900990099
"525","x6595_563_26674_4_118",1.00100150250438,0.0495049504950495,0.000272136111111116,0.0693069306930693
"526","x25424_655_56633_12_007",1.00100150250438,0.0099009900990099,7.37523809523815e-05,0.0891089108910891
"527","x10571_1041_50843_5_452",1.00100150250438,0.0297029702970297,5.60333333333334e-05,0.108910891089109
"528","x4167_345_27862_3_378",1.00100150250438,0.0099009900990099,0.00130340277777778,0.0495049504950495
"529","x24142_602_51248_11_665",1.00100150250438,0.0099009900990099,0.123925355800441,0.0099009900990099
"530","x29647_934_54016_13_131",1.00100150250438,0.0297029702970297,0.00991034285714291,0.0396039603960396
"531","x31680_1144_79955_13_615",1.00100150250438,0.0297029702970297,0.000457626666666673,0.0693069306930693
"532","x4583_637_3852_3_498",1.00100150250438,0.0495049504950495,0.00346710857142857,0.0297029702970297
"533","x31877_773_62547_13_64",1.00100150250438,0.0396039603960396,0.000548121818181819,0.108910891089109
"534","x13423_785_46145_6_62",1.00100150250438,0.0495049504950495,0.0020667,0.0396039603960396
"535","x7377_851_48752_4_401",1.00100150250438,0.0495049504950495,0.00187376823529412,0.0396039603960396
"536","x3011_538_39601_2_874",1.00100150250438,0.0297029702970297,0.011275335,0.0495049504950495
"537","x709_664_38539_1_118",1.00100150250438,0.0495049504950495,0.00460133680025858,0.0594059405940594
"538","x29956_938_53414_13_204",1.00100150250438,0.0396039603960396,0.000541500000000004,0.0693069306930693
"539","x8802_613_28011_4_818",1.00100150250438,0.0495049504950495,0.00974138137651823,0.0198019801980198
"540","x14837_693_51395_7_219",1.00100150250438,0.0198019801980198,0.00241602666666671,0.0198019801980198
"541","x26431_505_49831_12_325",1.00100150250438,0.0099009900990099,0.0176749388461539,0.0099009900990099
"542","x15287_763_56641_7_413",1.00100150250438,0.0099009900990099,0.074824316337286,0.0099009900990099
"543","x2409_594_35033_2_42",1.00100150250438,0.0396039603960396,0.00123273333333334,0.099009900990099
"544","x6723_1008_58929_4_154",1.00100150250438,0.0099009900990099,0.00137659393939393,0.0297029702970297
"545","x26299_582_58397_12_307",1.00100150250438,0.0297029702970297,0.0264238018018018,0.0198019801980198
"546","x31123_790_66156_13_486",1.00100150250438,0.0198019801980198,0.0933250987414188,0.0099009900990099
"547","x8557_345_27911_4_74",1.00100150250438,0.0495049504950495,0.000109226666666668,0.118811881188119
"548","x19843_759_51343_9_336",1.00100150250438,0.0396039603960396,0.019119615,0.0099009900990099
"549","x40867_970_91821_16_62",1.00100150250438,0.0495049504950495,0.00527536869095817,0.0693069306930693
"550","x21609_814_54218_10_238",1.00100150250438,0.0297029702970297,0.000369920000000004,0.0693069306930693
"551","x25897_595_5313_12_186",1.00100150250438,0.0396039603960396,3.08266666666697e-05,0.0495049504950495
"552","x34430_796_68353_14_232",1.00100150250438,0.0495049504950495,5.80800000000075e-05,0.148514851485149
"553","x33012_882_77331_13_93",1.00100150250438,0.0495049504950495,0.000264033333333341,0.108910891089109
"554","x28359_399_80382_12_803",1.00100150250438,0.0297029702970297,0.000168033333333335,0.0396039603960396
"555","x10429_445_33077_5_444",1.00100150250438,0.0198019801980198,0.00125156571428572,0.0297029702970297
"556","x5270_629_34705_3_685",1.00100150250438,0.0297029702970297,0.0185008333333333,0.0198019801980198
"557","x25783_893_53815_12_119",1.00100150250438,0.0198019801980198,0.146227202951251,0.0099009900990099
"558","x18786_1108_69054_8_818",1.00100150250438,0.0198019801980198,0.00325215000000002,0.0198019801980198
"559","x31631_1003_77365_13_596",0.960342073546086,0.0495049504950495,0.0495109238592018,0.0099009900990099
"560","x33227_954_77509_13_931",0.929776003176189,0.0495049504950495,0.179292018879575,0.0099009900990099
"561","x14543_975_5446_7_099",0.884081905752124,0.0396039603960396,0.977437986972905,0.0099009900990099
"562","x37203_623_50343_15_091",0.862396198106465,0.0198019801980198,0.164628416335714,0.0198019801980198
"563","x12629_567_41984_6_271",0.510583454926545,0.0198019801980198,6.85682539682588e-05,0.099009900990099
