Feature,B,B.pval,NB,NB.pval,MeanDecreaseAccuracy,MeanDecreaseAccuracy.pval,MeanDecreaseGini,MeanDecreaseGini.pval
x12592_1007_57094_6_271,2.2065648067586343,0.009900990099009901,2.159858209962621,0.009900990099009901,2.2085320902393173,0.009900990099009901,0.367421052631579,0.009900990099009901
x13454_866_57758_6_639,2.139768726429416,0.009900990099009901,2.217130722214706,0.009900990099009901,2.195658790643139,0.009900990099009901,0.3572631578947369,0.009900990099009901
x11279_812_52938_5_711,1.967182623030116,0.009900990099009901,1.9657697558345635,0.009900990099009901,1.9980005098998805,0.009900990099009901,0.27273684210526317,0.009900990099009901
x13432_983_57004_6_627,2.001087594567122,0.009900990099009901,1.9622542899626756,0.009900990099009901,1.9920581174478675,0.009900990099009901,0.29647368421052633,0.009900990099009901
x12591_1030_64582_6_27,1.990210955730511,0.009900990099009901,1.9601219170196171,0.009900990099009901,1.9912149844562814,0.009900990099009901,0.27921052631578946,0.009900990099009901
x16609_938_57898_7_991,1.9607704247627789,0.009900990099009901,1.9952103106628176,0.009900990099009901,1.9891484763687508,0.009900990099009901,0.2838745800671893,0.009900990099009901
x6404_825_47365_4_061,1.993575818892875,0.009900990099009901,1.975131228541299,0.009900990099009901,1.9882121980185845,0.009900990099009901,0.2907894736842106,0.009900990099009901
x15254_811_47602_7_406,1.8632612094328667,0.009900990099009901,1.5951978062719465,0.009900990099009901,1.911306848917984,0.009900990099009901,0.22690760233918134,0.009900990099009901
x13418_792_56016_6_617,1.7334217798597504,0.009900990099009901,1.7056265236755563,0.009900990099009901,1.7361410762735558,0.009900990099009901,0.22221052631578947,0.009900990099009901
x11289_789_52365_5_711,1.7135102748032212,0.009900990099009901,1.7072690758285218,0.009900990099009901,1.7351754398476384,0.009900990099009901,0.2205263157894737,0.009900990099009901
x13504_1004_62726_6_649,1.6712341017740304,0.009900990099009901,1.714270703436441,0.009900990099009901,1.7346907781282195,0.009900990099009901,0.20668421052631578,0.009900990099009901
x24622_903_56374_11_805,1.7340775596641071,0.009900990099009901,1.734230792841826,0.009900990099009901,1.7341918592869054,0.009900990099009901,0.21755898366606172,0.009900990099009901
x13495_859_47601_6_648,1.7282386659239497,0.009900990099009901,1.7368541831908106,0.009900990099009901,1.7335077167325037,0.009900990099009901,0.21778947368421053,0.009900990099009901
x11580_931_53948_5_837,1.736036008198702,0.009900990099009901,1.723693583779339,0.009900990099009901,1.7327794416121862,0.009900990099009901,0.211,0.009900990099009901
x13274_809_46018_6_565,1.7293487111576922,0.009900990099009901,1.7077913783721455,0.009900990099009901,1.7326399328510322,0.009900990099009901,0.20689473684210527,0.009900990099009901
x4186_868_50873_3_376,1.7291457214337724,0.009900990099009901,1.6933215394944088,0.009900990099009901,1.7324103633163355,0.009900990099009901,0.22326315789473689,0.009900990099009901
x4073_589_24526_3_343,1.7179442677848917,0.009900990099009901,1.7324359830530516,0.009900990099009901,1.7323464845107157,0.009900990099009901,0.2185263157894737,0.009900990099009901
x2621_653_3452_2_579,1.7258729644619784,0.009900990099009901,1.726302085770351,0.009900990099009901,1.7310627153018439,0.009900990099009901,0.22,0.009900990099009901
x7658_677_34354_4_446,1.7272442883936654,0.009900990099009901,1.7199430824590778,0.009900990099009901,1.7294864914516872,0.009900990099009901,0.2180526315789474,0.009900990099009901
x14411_868_59377_7_036,1.7046354047413832,0.009900990099009901,1.7371178244608205,0.009900990099009901,1.7278569329702158,0.009900990099009901,0.21478947368421053,0.009900990099009901
x12251_885_47157_6_122,1.7290777129243433,0.009900990099009901,1.7243474709259774,0.009900990099009901,1.727368581553685,0.009900990099009901,0.21947368421052632,0.009900990099009901
x2393_391_26318_2_393,1.7179067252071945,0.009900990099009901,1.7346020119527084,0.009900990099009901,1.7261827951550153,0.009900990099009901,0.22126315789473686,0.009900990099009901
x11249_814_54463_5_699,1.7119949154639196,0.009900990099009901,1.699583471448361,0.009900990099009901,1.7237355148165867,0.009900990099009901,0.2172105263157895,0.009900990099009901
x11271_786_51583_5_708,1.7322299426223824,0.009900990099009901,1.7069056247027656,0.009900990099009901,1.721949465514912,0.009900990099009901,0.20326315789473687,0.009900990099009901
x9267_730_56144_5_004,1.711116104452695,0.009900990099009901,1.7324491727084592,0.009900990099009901,1.7208263782102924,0.009900990099009901,0.2240526315789474,0.009900990099009901
x15851_847_53155_7_584,1.671315676162189,0.009900990099009901,1.725379738510681,0.009900990099009901,1.7195244356430055,0.009900990099009901,0.2165789473684211,0.009900990099009901
x4065_615_40474_3_336,1.7123472155470245,0.009900990099009901,1.7225545903153425,0.009900990099009901,1.7185831778511127,0.009900990099009901,0.2186842105263158,0.009900990099009901
x12463_770_55638_6_203,1.689116119506882,0.009900990099009901,1.7314145763867361,0.009900990099009901,1.718229736335175,0.009900990099009901,0.213,0.009900990099009901
x2318_732_48373_2_304,1.68937573830407,0.009900990099009901,1.7246779103581908,0.009900990099009901,1.711756632068009,0.009900990099009901,0.20510526315789473,0.009900990099009901
x2650_676_42073_2_596,1.6807845895881852,0.009900990099009901,1.7221110871368552,0.009900990099009901,1.711108877306744,0.009900990099009901,0.20078947368421052,0.009900990099009901
x16007_795_50287_7_617,1.681225028817827,0.009900990099009901,1.6736714871807366,0.009900990099009901,1.710846298434586,0.009900990099009901,0.21778947368421053,0.009900990099009901
x16264_980_63037_7_791,1.7144812505395541,0.009900990099009901,1.6955698400670938,0.009900990099009901,1.7099865750155887,0.009900990099009901,0.22015789473684208,0.009900990099009901
x12101_333_24207_6_068,1.7207955249076525,0.009900990099009901,1.6710275173607527,0.009900990099009901,1.7090468105570664,0.009900990099009901,0.21694736842105267,0.009900990099009901
x11317_1088_59716_5_729,1.6372195309031956,0.009900990099009901,1.6954446405664356,0.009900990099009901,1.6983725722556104,0.009900990099009901,0.22389473684210526,0.009900990099009901
x23805_903_56327_11_539,1.5866710570997462,0.009900990099009901,1.7296123236162684,0.009900990099009901,1.697777366522465,0.009900990099009901,0.2180526315789474,0.009900990099009901
x10550_979_53805_5_455,1.6454954993955522,0.009900990099009901,1.7371884732836456,0.009900990099009901,1.6959449743714419,0.009900990099009901,0.21747368421052635,0.009900990099009901
x9266_735_51819_4_995,1.5990442255144885,0.009900990099009901,1.7369425821386189,0.009900990099009901,1.6895903158718033,0.009900990099009901,0.2140526315789474,0.009900990099009901
x11402_635_46669_5_767,1.630518689715704,0.009900990099009901,1.6853386002096864,0.009900990099009901,1.6578524389362193,0.009900990099009901,0.2164736842105263,0.009900990099009901
x14603_785_46143_7_127,1.7309557055750693,0.009900990099009901,1.3852827958926508,0.009900990099009901,1.6226283784568105,0.009900990099009901,0.14992273236282197,0.009900990099009901
x11436_981_55344_5_786,1.406064427875448,0.009900990099009901,1.3894250359418208,0.009900990099009901,1.4170505031628393,0.009900990099009901,0.1475263157894737,0.009900990099009901
x22775_554_51455_10_909,1.4128598718239571,0.019801980198019802,1.4069165197083815,0.009900990099009901,1.4170505031628393,0.009900990099009901,0.14226315789473684,0.009900990099009901
x16252_985_58649_7_789,1.4083489588005664,0.009900990099009901,1.4069165197083817,0.009900990099009901,1.4170505031628393,0.009900990099009901,0.14015789473684212,0.009900990099009901
x7540_877_50567_4_424,1.4145954078256668,0.009900990099009901,1.4138993974103442,0.009900990099009901,1.4170505031628393,0.009900990099009901,0.1403684210526316,0.009900990099009901
x13389_839_54939_6_635,1.416205396834011,0.009900990099009901,1.414776764692675,0.009900990099009901,1.417043052831105,0.009900990099009901,0.14857894736842103,0.009900990099009901
x13123_887_48861_6_497,1.4094570358219116,0.009900990099009901,1.4060644278754482,0.009900990099009901,1.4170136860720615,0.009900990099009901,0.14263157894736844,0.009900990099009901
x11731_1000_6022_5_909,1.413434945330478,0.009900990099009901,1.4112077420496636,0.009900990099009901,1.416960703501811,0.009900990099009901,0.15010526315789474,0.009900990099009901
x4556_609_21034_3_496,1.4118528435048163,0.009900990099009901,1.4014814294262161,0.009900990099009901,1.4169094072514403,0.009900990099009901,0.14857894736842103,0.009900990099009901
x9515_929_52405_5_085,1.416531160805382,0.009900990099009901,1.4121361123177751,0.009900990099009901,1.4168593645420193,0.009900990099009901,0.14673684210526317,0.009900990099009901
x4568_587_22932_3_498,1.4138993974103442,0.009900990099009901,1.405100662799393,0.009900990099009901,1.4167973240623466,0.009900990099009901,0.1481578947368421,0.009900990099009901
x15173_745_48673_7_372,1.4150840480027063,0.009900990099009901,1.416627509569088,0.009900990099009901,1.4167908343381146,0.009900990099009901,0.14425313283208022,0.009900990099009901
x2022_676_4205_2_052,1.4102309216567976,0.009900990099009901,1.3962439345409767,0.009900990099009901,1.4167770833809283,0.009900990099009901,0.14436842105263156,0.009900990099009901
x15467_816_56257_7_483,1.4169906323058947,0.009900990099009901,1.4159136794714977,0.009900990099009901,1.4167543150291215,0.009900990099009901,0.14842105263157895,0.009900990099009901
x5665_635_33514_3_808,1.4163108425908684,0.009900990099009901,1.4170505031628393,0.019801980198019802,1.4167543150291213,0.009900990099009901,0.14347368421052634,0.009900990099009901
x1928_433_27317_1_986,1.409915570609626,0.009900990099009901,1.4131312293597051,0.009900990099009901,1.4163108425908684,0.019801980198019802,0.14642105263157895,0.009900990099009901
x13695_1049_56057_6_725,1.4148600041268948,0.009900990099009901,1.3941037730664323,0.009900990099009901,1.416205396834011,0.009900990099009901,0.1451578947368421,0.009900990099009901
x1941_613_35232_1_994,1.4167543150291217,0.009900990099009901,1.4015296631564385,0.009900990099009901,1.4162053968340107,0.009900990099009901,0.1502105263157895,0.009900990099009901
x4564_631_21996_3_498,1.4142798582952996,0.009900990099009901,1.3976941536882015,0.019801980198019802,1.4161440130998542,0.009900990099009901,0.13768421052631577,0.009900990099009901
x14978_1059_60209_7_283,1.3686995259462877,0.009900990099009901,1.3222557489638673,0.009900990099009901,1.4161087719201981,0.009900990099009901,0.1390710934312525,0.009900990099009901
x7474_839_45555_4_404,1.414430399892982,0.009900990099009901,1.4170090522263192,0.009900990099009901,1.4159993503497015,0.009900990099009901,0.14878947368421053,0.009900990099009901
x11483_999_53034_5_792,1.416723031596784,0.009900990099009901,1.4128598718239571,0.009900990099009901,1.4156264249504258,0.009900990099009901,0.1448421052631579,0.009900990099009901
x14420_840_56223_7_038,1.39883705835374,0.009900990099009901,1.4138993974103444,0.009900990099009901,1.415383015796806,0.009900990099009901,0.13926315789473684,0.009900990099009901
x10545_995_51244_5_455,1.4166275095690881,0.009900990099009901,1.4014814294262161,0.009900990099009901,1.4153330348762312,0.009900990099009901,0.1441578947368421,0.009900990099009901
x13416_978_6161_6_622,1.4137249844937647,0.009900990099009901,1.3643694863595452,0.009900990099009901,1.4152914152302607,0.009900990099009901,0.14894736842105263,0.009900990099009901
x16288_981_63487_7_794,1.4148600041268948,0.009900990099009901,1.4154401667419991,0.009900990099009901,1.4150840480027058,0.009900990099009901,0.1482105263157895,0.009900990099009901
x1949_595_34102_2,1.4112077420496631,0.009900990099009901,1.4170505031628395,0.009900990099009901,1.4149387581568766,0.009900990099009901,0.14878947368421053,0.009900990099009901
x15755_874_61989_7_557,1.3831756669341584,0.009900990099009901,1.370215269378559,0.009900990099009901,1.4149387581568766,0.009900990099009901,0.14289473684210527,0.009900990099009901
x20998_752_60428_9_951,1.4083489588005667,0.009900990099009901,1.3485800595114283,0.009900990099009901,1.4148742184334169,0.009900990099009901,0.14421052631578948,0.009900990099009901
x1942_678_42682_2_042,1.380621367158646,0.009900990099009901,1.3954034154845467,0.009900990099009901,1.414776764692675,0.009900990099009901,0.14178947368421052,0.009900990099009901
x10284_812_53089_5_393,1.4138993974103442,0.019801980198019802,1.3929521332364583,0.009900990099009901,1.4145954078256668,0.019801980198019802,0.14178947368421052,0.009900990099009901
x6059_643_43201_3_937,1.416694839193655,0.009900990099009901,1.3971987112134177,0.009900990099009901,1.4145954078256668,0.009900990099009901,0.1451578947368421,0.009900990099009901
x13041_907_53925_6_461,1.3971987112134179,0.009900990099009901,1.4105544139330934,0.009900990099009901,1.4145954078256666,0.009900990099009901,0.13784210526315793,0.009900990099009901
x13421_1006_64466_6_624,1.397694153688202,0.009900990099009901,1.4138993974103442,0.009900990099009901,1.4144447761011483,0.009900990099009901,0.13663157894736844,0.009900990099009901
x963_710_41999_1_37,1.415275417281082,0.009900990099009901,1.4112077420496636,0.009900990099009901,1.4140987910621656,0.009900990099009901,0.1475263157894737,0.009900990099009901
x3325_595_34188_3_021,1.4080465682398156,0.009900990099009901,1.4168821613939284,0.009900990099009901,1.4138993974103442,0.009900990099009901,0.1504736842105263,0.009900990099009901
x34737_913_75001_14_318,1.4037469049882614,0.009900990099009901,1.3440622799127364,0.009900990099009901,1.4132904306388552,0.009900990099009901,0.14357894736842103,0.009900990099009901
x14275_863_48988_6_981,1.3929521332364585,0.009900990099009901,1.406064427875448,0.009900990099009901,1.4128598718239571,0.009900990099009901,0.1451578947368421,0.009900990099009901
x2810_574_39601_2_71,1.4165311608053819,0.009900990099009901,1.389425035941821,0.009900990099009901,1.412616361271877,0.009900990099009901,0.1424010889292196,0.009900990099009901
x13324_831_50126_6_577,1.4159136794714977,0.009900990099009901,1.401529663156438,0.009900990099009901,1.4122951156554697,0.009900990099009901,0.14984210526315792,0.009900990099009901
x12903_793_48704_6_406,1.4166275095690881,0.009900990099009901,1.3976941536882017,0.009900990099009901,1.4119974486884557,0.009900990099009901,0.1475263157894737,0.009900990099009901
x14132_954_61497_6_922,1.4034566476952117,0.009900990099009901,1.4167973240623468,0.009900990099009901,1.4112077420496636,0.009900990099009901,0.1451578947368421,0.009900990099009901
x872_680_3793_1_297,1.3942797771326014,0.009900990099009901,1.4163108425908686,0.009900990099009901,1.4112077420496636,0.009900990099009901,0.1481578947368421,0.009900990099009901
x1946_535_32114_1_996,1.416754315029121,0.009900990099009901,1.3806213671586458,0.009900990099009901,1.4112077420496634,0.009900990099009901,0.14689473684210527,0.009900990099009901
x17103_961_5865_8_162,1.4083489588005669,0.009900990099009901,1.4134349453304782,0.009900990099009901,1.4112077420496634,0.009900990099009901,0.1475263157894737,0.009900990099009901
x9510_988_59675_5_083,1.4073059850479814,0.009900990099009901,1.4154401667419991,0.009900990099009901,1.4112077420496634,0.009900990099009901,0.1413684210526316,0.009900990099009901
x19538_615_49671_9_19,1.3632915623282922,0.009900990099009901,1.001001502504383,0.009900990099009901,1.4089541774829675,0.009900990099009901,0.14172397660818714,0.009900990099009901
x9277_751_49037_5_006,1.4163108425908684,0.009900990099009901,1.3841897374895518,0.009900990099009901,1.4087828780109721,0.009900990099009901,0.14421052631578948,0.009900990099009901
x10275_978_61346_5_377,1.4135845055014582,0.009900990099009901,1.397488655205839,0.009900990099009901,1.4087828780109717,0.009900990099009901,0.14689473684210527,0.009900990099009901
x1440_707_39021_1_621,1.3976941536882017,0.009900990099009901,1.4169927702465797,0.009900990099009901,1.4086871477981682,0.009900990099009901,0.14478947368421052,0.009900990099009901
x9497_953_52381_5_082,1.3963658098444363,0.009900990099009901,1.415084048002706,0.009900990099009901,1.406064427875448,0.009900990099009901,0.1465263157894737,0.009900990099009901
x6471_823_45915_4_071,1.400782000307517,0.009900990099009901,1.4129989512130183,0.009900990099009901,1.4057564976264616,0.009900990099009901,0.14689473684210527,0.009900990099009901
x16694_858_57224_8_011,1.3996416445635587,0.009900990099009901,1.4079071064219055,0.009900990099009901,1.4038510180518364,0.009900990099009901,0.1388421052631579,0.009900990099009901
x13117_481_40476_6_476,1.4018144387540528,0.009900990099009901,1.4062223963390252,0.009900990099009901,1.403789644371043,0.009900990099009901,0.14684210526315788,0.009900990099009901
x4537_1119_4773_3_491,1.4069165197083817,0.019801980198019802,1.3910051922825406,0.009900990099009901,1.4027520938040883,0.019801980198019802,0.1514736842105263,0.009900990099009901
x15640_845_59556_7_476,1.3845827996562508,0.009900990099009901,1.4169749038634618,0.009900990099009901,1.4021446704416685,0.009900990099009901,0.1475263157894737,0.009900990099009901
x13447_956_63162_6_633,1.3643694863595455,0.009900990099009901,1.4170505031628393,0.009900990099009901,1.3995383972308784,0.009900990099009901,0.14673684210526317,0.009900990099009901
x15315_980_63049_7_43,1.4155977006466531,0.009900990099009901,1.3513093053500185,0.009900990099009901,1.3993099379655916,0.009900990099009901,0.13673684210526318,0.009900990099009901
x16508_842_58028_7_935,1.4015296631564385,0.009900990099009901,1.3996416445635589,0.009900990099009901,1.3991831155211931,0.009900990099009901,0.14545933014354068,0.009900990099009901
x16724_958_64199_7_998,1.4092334414479533,0.009900990099009901,1.380246801359728,0.009900990099009901,1.3986413523609451,0.009900990099009901,0.14347368421052634,0.009900990099009901
x13125_544_47299_6_506,1.3904937370606927,0.009900990099009901,1.4069165197083815,0.009900990099009901,1.3976941536882017,0.009900990099009901,0.1502105263157895,0.009900990099009901
x3598_615_40399_3_14,1.3726730703013685,0.009900990099009901,1.416205396834011,0.009900990099009901,1.3976941536882015,0.009900990099009901,0.14010526315789473,0.009900990099009901
x12080_609_45147_6_064,1.400782000307517,0.009900990099009901,1.391391169504041,0.009900990099009901,1.3972137727329463,0.009900990099009901,0.14984210526315792,0.009900990099009901
x1909_313_19502_1_99,1.411969013629036,0.009900990099009901,1.3606467307602905,0.009900990099009901,1.3956699910769574,0.009900990099009901,0.13678947368421052,0.009900990099009901
x17396_1082_67634_8_279,1.403873989063722,0.009900990099009901,1.3806213671586458,0.009900990099009901,1.3949215476415022,0.009900990099009901,0.13926315789473684,0.009900990099009901
x3355_1283_70024_3_035,1.3669290443176871,0.009900990099009901,1.4162501246926804,0.009900990099009901,1.3948058477486798,0.009900990099009901,0.14589473684210527,0.009900990099009901
x23471_1062_7009_11_354,1.4145954078256666,0.009900990099009901,1.0010015025043828,0.0297029702970297,1.394103773066432,0.009900990099009901,0.0718100686498856,0.009900990099009901
x2610_631_3622_2_568,1.3899960709741068,0.009900990099009901,1.3976941536882015,0.009900990099009901,1.393325618133928,0.009900990099009901,0.1448421052631579,0.009900990099009901
x3359_721_33226_3_035,1.3610932403503242,0.009900990099009901,1.4151969792487031,0.009900990099009901,1.3906457032769717,0.009900990099009901,0.14226315789473684,0.009900990099009901
x9514_924_56874_5_085,1.2995107330949645,0.009900990099009901,1.3554244878622757,0.009900990099009901,1.3865363074845396,0.009900990099009901,0.13678947368421052,0.009900990099009901
x3351_653_34467_3_034,1.3513093053500187,0.019801980198019802,1.4163108425908684,0.009900990099009901,1.385887409675272,0.019801980198019802,0.1388421052631579,0.009900990099009901
x15778_806_54148_7_558,1.3894250359418208,0.009900990099009901,1.3776121981542484,0.009900990099009901,1.3840535045441695,0.009900990099009901,0.1448421052631579,0.009900990099009901
x1683_391_26322_1_789,1.3455635428758939,0.009900990099009901,1.4160756927722498,0.009900990099009901,1.3839683144336796,0.009900990099009901,0.14557894736842103,0.009900990099009901
x3336_704_45048_3_037,1.4162655126872077,0.009900990099009901,1.1869771176287351,0.009900990099009901,1.380621367158646,0.009900990099009901,0.08709716599190283,0.009900990099009901
x12209_818_48972_6_127,1.3971987112134177,0.009900990099009901,1.3384791095519382,0.009900990099009901,1.3783670565863797,0.009900990099009901,0.14184210526315788,0.009900990099009901
x14093_959_57063_6_904,1.400782000307517,0.009900990099009901,1.3322511387265046,0.009900990099009901,1.3760980112502321,0.009900990099009901,0.13721052631578948,0.009900990099009901
x15429_904_59936_7_471,1.315334104411641,0.009900990099009901,1.4154401667419994,0.009900990099009901,1.3734360074518326,0.009900990099009901,0.13328325358851675,0.009900990099009901
x14772_1077_57394_7_202,1.3059663473173215,0.009900990099009901,1.4162053968340107,0.009900990099009901,1.372291266612397,0.009900990099009901,0.14421052631578948,0.009900990099009901
x12901_788_53212_6_402,1.323496531976031,0.009900990099009901,1.4138993974103446,0.009900990099009901,1.3676717251899921,0.009900990099009901,0.14542105263157895,0.009900990099009901
x9896_879_5079_5_217,1.384582799656251,0.009900990099009901,1.330469166813679,0.019801980198019802,1.3617271411107528,0.009900990099009901,0.1475263157894737,0.009900990099009901
x770_528_31771_1_231,1.266939792017407,0.009900990099009901,1.41607569277225,0.009900990099009901,1.3564074048291723,0.009900990099009901,0.12473107769423557,0.009900990099009901
x3333_648_38887_3_03,1.3341928182461753,0.019801980198019802,1.3592520734315618,0.009900990099009901,1.3440622799127364,0.019801980198019802,0.1458421052631579,0.009900990099009901
x10273_784_49988_5_375,1.2950402276277715,0.019801980198019802,1.4006982937227705,0.009900990099009901,1.3351679217845749,0.009900990099009901,0.14542105263157895,0.009900990099009901
x13722_1068_66292_6_727,1.3255990304194472,0.009900990099009901,1.3440622799127364,0.009900990099009901,1.3314225420675083,0.009900990099009901,0.14989473684210525,0.009900990099009901
x10561_1000_59534_5_456,1.290348760363951,0.009900990099009901,1.3554244878622757,0.009900990099009901,1.3209436826110574,0.009900990099009901,0.13742105263157897,0.009900990099009901
x25707_882_68287_12_118,1.2895919364238242,0.009900990099009901,1.3490845048570221,0.009900990099009901,1.315334104411641,0.009900990099009901,0.1388421052631579,0.009900990099009901
x16911_847_53265_8_088,1.3733597558856814,0.009900990099009901,1.158650122241299,0.009900990099009901,1.3080941534270119,0.009900990099009901,0.1340686344238976,0.009900990099009901
x16422_824_6044_7_869,1.3013134819067478,0.009900990099009901,1.3050607193624852,0.009900990099009901,1.3029291510790666,0.009900990099009901,0.14810526315789474,0.009900990099009901
x12099_816_56057_6_068,1.1177063142511405,0.009900990099009901,1.41607569277225,0.009900990099009901,1.3009688865027482,0.009900990099009901,0.0765103668261563,0.009900990099009901
x14250_795_50188_6_967,1.001001502504383,0.0297029702970297,1.001001502504383,0.009900990099009901,1.001001502504383,0.019801980198019802,0.07342105263157894,0.009900990099009901
x12355_952_60054_6_16,1.001001502504383,0.019801980198019802,1.001001502504383,0.019801980198019802,1.001001502504383,0.019801980198019802,0.06963157894736842,0.009900990099009901
x24015_556_53023_11_599,1.0010015025043828,0.039603960396039604,1.001001502504383,0.009900990099009901,1.001001502504383,0.009900990099009901,0.06496491228070174,0.009900990099009901
x14265_818_57678_6_973,1.001001502504383,0.0297029702970297,1.001001502504383,0.019801980198019802,1.001001502504383,0.019801980198019802,0.07073684210526317,0.009900990099009901
x15426_844_59246_7_471,1.0010015025043828,0.039603960396039604,1.001001502504383,0.009900990099009901,1.001001502504383,0.019801980198019802,0.06252631578947368,0.009900990099009901
x20343_726_58788_9_618,1.001001502504383,0.009900990099009901,1.001001502504383,0.009900990099009901,1.001001502504383,0.0297029702970297,0.06402491522924961,0.009900990099009901
x15274_795_50169_7_414,1.0010015025043828,0.04950495049504951,1.0010015025043828,0.019801980198019802,1.001001502504383,0.0297029702970297,0.07342105263157894,0.009900990099009901
x5661_613_35321_3_804,1.001001502504383,0.019801980198019802,1.0010015025043828,0.04950495049504951,1.001001502504383,0.009900990099009901,0.06876061120543293,0.009900990099009901
x16688_930_61457_8_007,1.001001502504383,0.0297029702970297,1.001001502504383,0.019801980198019802,1.001001502504383,0.019801980198019802,0.0746842105263158,0.009900990099009901
x25877_582_54576_12_176,1.0010015025043828,0.0297029702970297,1.001001502504383,0.0297029702970297,1.001001502504383,0.019801980198019802,0.07410526315789474,0.009900990099009901
x8276_625_42609_4_632,1.0010015025043828,0.0297029702970297,1.0010015025043828,0.0297029702970297,1.001001502504383,0.009900990099009901,0.07173684210526317,0.009900990099009901
x21078_814_62189_9_983,1.0010015025043828,0.019801980198019802,1.0010015025043828,0.019801980198019802,1.001001502504383,0.019801980198019802,0.07552631578947369,0.009900990099009901
x23041_1103_67012_11_093,1.001001502504383,0.019801980198019802,1.0010015025043828,0.0297029702970297,1.001001502504383,0.019801980198019802,0.07552631578947369,0.009900990099009901
x8746_625_42619_4_8,1.0010015025043828,0.039603960396039604,1.001001502504383,0.009900990099009901,1.001001502504383,0.009900990099009901,0.06842105263157895,0.009900990099009901
x15692_787_47622_7_538,1.0010015025043828,0.04950495049504951,1.0010015025043828,0.019801980198019802,1.001001502504383,0.04950495049504951,0.07342105263157894,0.009900990099009901
x1960_461_27151_1_995,1.0010015025043828,0.009900990099009901,1.0010015025043828,0.019801980198019802,1.001001502504383,0.009900990099009901,0.07578947368421052,0.009900990099009901
x1974_473_26855_2_009,1.0010015025043828,0.039603960396039604,1.0010015025043828,0.039603960396039604,1.001001502504383,0.039603960396039604,0.07594736842105262,0.009900990099009901
x2662_373_25285_2_607,1.0010015025043828,0.04950495049504951,1.001001502504383,0.009900990099009901,1.001001502504383,0.039603960396039604,0.07189758179231864,0.009900990099009901
x2619_535_32216_2_576,1.001001502504383,0.019801980198019802,1.001001502504383,0.019801980198019802,1.001001502504383,0.0297029702970297,0.0751578947368421,0.009900990099009901
x11909_957_55406_5_99,1.0010015025043828,0.0297029702970297,1.001001502504383,0.0297029702970297,1.001001502504383,0.0297029702970297,0.07410526315789474,0.009900990099009901
x16143_713_47562_7_738,1.0010015025043828,0.039603960396039604,1.0010015025043828,0.039603960396039604,1.001001502504383,0.0297029702970297,0.07594736842105262,0.009900990099009901
x16960_1006_6461_8_109,1.001001502504383,0.019801980198019802,1.001001502504383,0.039603960396039604,1.001001502504383,0.0297029702970297,0.0751578947368421,0.009900990099009901
x9503_1021_51119_5_084,1.0010015025043828,0.039603960396039604,1.0010015025043828,0.04950495049504951,1.001001502504383,0.06930693069306931,0.06568421052631579,0.019801980198019802
x11273_589_42557_5_71,1.001001502504383,0.009900990099009901,1.0010015025043828,0.0297029702970297,1.001001502504383,0.009900990099009901,0.07173684210526317,0.009900990099009901
x6916_807_4669_4_229,1.001001502504383,0.009900990099009901,1.0010015025043828,0.039603960396039604,1.001001502504383,0.009900990099009901,0.06710526315789474,0.009900990099009901
x5920_825_47414_3_879,1.001001502504383,0.009900990099009901,1.001001502504383,0.009900990099009901,1.001001502504383,0.019801980198019802,0.06415789473684211,0.009900990099009901
x11485_990_60874_5_808,1.0010015025043828,0.0297029702970297,1.0010015025043828,0.0297029702970297,1.001001502504383,0.009900990099009901,0.07342105263157894,0.009900990099009901
x510_619_2194_1_105,1.0010015025043828,0.019801980198019802,1.0010015025043828,0.039603960396039604,1.001001502504383,0.0297029702970297,0.0746842105263158,0.009900990099009901
x10264_1017_50976_5_372,1.0010015025043828,0.0297029702970297,1.001001502504383,0.0297029702970297,1.001001502504383,0.039603960396039604,0.07073684210526317,0.009900990099009901
x11729_1005_55357_5_91,1.0010015025043828,0.0297029702970297,1.0010015025043828,0.019801980198019802,1.001001502504383,0.019801980198019802,0.06963157894736842,0.009900990099009901
x13366_957_55472_6_585,1.001001502504383,0.009900990099009901,1.001001502504383,0.019801980198019802,1.001001502504383,0.009900990099009901,0.07342105263157894,0.009900990099009901
x16100_832_55845_7_716,1.001001502504383,0.009900990099009901,1.001001502504383,0.019801980198019802,1.001001502504383,0.009900990099009901,0.06415789473684211,0.009900990099009901
x1926_969_0228_1_991,1.0010015025043828,0.039603960396039604,1.001001502504383,0.0297029702970297,1.001001502504383,0.039603960396039604,0.07410526315789474,0.009900990099009901
x7918_904_59483_4_512,1.0010015025043828,0.019801980198019802,1.001001502504383,0.0297029702970297,1.001001502504383,0.039603960396039604,0.0746842105263158,0.009900990099009901
x14656_908_57147_7_15,1.001001502504383,0.009900990099009901,1.001001502504383,0.04950495049504951,1.001001502504383,0.019801980198019802,0.07410526315789474,0.009900990099009901
x2362_1218_39308_2_361,1.0010015025043828,0.04950495049504951,1.001001502504383,0.019801980198019802,1.001001502504383,0.039603960396039604,0.0746842105263158,0.009900990099009901
x9281_941_52431_4_999,1.001001502504383,0.019801980198019802,1.001001502504383,0.009900990099009901,1.001001502504383,0.0297029702970297,0.0746842105263158,0.009900990099009901
x16103_837_50916_7_719,1.0010015025043828,0.0297029702970297,1.001001502504383,0.009900990099009901,1.001001502504383,0.019801980198019802,0.07173684210526317,0.009900990099009901
x10811_969_54309_5_504,1.0010015025043828,0.039603960396039604,1.0010015025043828,0.0297029702970297,1.001001502504383,0.039603960396039604,0.06963157894736842,0.009900990099009901
x30680_1144_80141_13_399,1.001001502504383,0.019801980198019802,1.0010015025043828,0.019801980198019802,1.001001502504383,0.019801980198019802,0.07552631578947369,0.009900990099009901
x2322_617_38084_2_294,1.0010015025043828,0.0297029702970297,1.0010015025043828,0.0297029702970297,1.001001502504383,0.019801980198019802,0.07552631578947369,0.009900990099009901
x3324_613_35251_3_024,1.0010015025043828,0.0297029702970297,1.0010015025043828,0.009900990099009901,1.0010015025043828,0.0297029702970297,0.06252631578947368,0.009900990099009901
x12285_812_53136_6_135,1.0010015025043828,0.009900990099009901,1.001001502504383,0.009900990099009901,1.0010015025043828,0.009900990099009901,0.06568421052631579,0.009900990099009901
x13273_793_48625_6_563,1.001001502504383,0.019801980198019802,1.001001502504383,0.0297029702970297,1.0010015025043828,0.06930693069306931,0.07263157894736842,0.009900990099009901
x2629_553_33186_2_577,1.001001502504383,0.009900990099009901,1.001001502504383,0.019801980198019802,1.0010015025043828,0.0297029702970297,0.07410526315789474,0.009900990099009901
x14315_822_58779_6_995,1.0010015025043828,0.04950495049504951,1.0010015025043828,0.019801980198019802,1.0010015025043828,0.04950495049504951,0.07594736842105262,0.009900990099009901
x14561_959_57008_7_106,1.0010015025043828,0.04950495049504951,1.0010015025043828,0.0297029702970297,1.0010015025043828,0.0594059405940594,0.07578947368421052,0.009900990099009901
x20375_572_50364_9_623,1.0010015025043828,0.0297029702970297,1.0010015025043828,0.019801980198019802,1.0010015025043828,0.039603960396039604,0.0746842105263158,0.009900990099009901
x11274_607_43556_5_711,1.001001502504383,0.009900990099009901,1.0010015025043828,0.039603960396039604,1.0010015025043828,0.0594059405940594,0.06842105263157895,0.009900990099009901
x13156_842_57715_6_505,1.001001502504383,0.009900990099009901,1.0010015025043828,0.019801980198019802,1.0010015025043828,0.0297029702970297,0.07073684210526317,0.009900990099009901
x15781_798_58899_7_567,1.001001502504383,0.019801980198019802,1.0010015025043828,0.039603960396039604,1.0010015025043828,0.07920792079207921,0.07342105263157894,0.009900990099009901
x5609_644_45249_3_786,1.0010015025043828,0.039603960396039604,1.0010015025043828,0.039603960396039604,1.0010015025043828,0.039603960396039604,0.07410526315789474,0.009900990099009901
x19076_738_55179_8_961,1.001001502504383,0.019801980198019802,1.001001502504383,0.019801980198019802,1.0010015025043828,0.0297029702970297,0.06568421052631579,0.009900990099009901
x3296_631_36214_3_015,1.0010015025043828,0.019801980198019802,1.0010015025043828,0.019801980198019802,1.0010015025043828,0.0297029702970297,0.07578947368421052,0.009900990099009901
x12582_1002_61665_6_269,1.001001502504383,0.0297029702970297,1.0010015025043828,0.0297029702970297,1.0010015025043828,0.039603960396039604,0.06842105263157895,0.009900990099009901
x10426_952_58976_5_379,1.0010015025043828,0.039603960396039604,1.0010015025043828,0.019801980198019802,1.0010015025043828,0.039603960396039604,0.07342105263157894,0.009900990099009901
x1944_517_31057_1_991,1.0010015025043828,0.019801980198019802,1.0010015025043828,0.0297029702970297,1.0010015025043828,0.019801980198019802,0.07073684210526317,0.009900990099009901
x14771_1009_5863_7_2,1.001001502504383,0.009900990099009901,1.0010015025043828,0.04950495049504951,1.0010015025043828,0.04950495049504951,0.0746842105263158,0.009900990099009901
x16997_786_52775_8_11,1.0010015025043828,0.009900990099009901,1.0010015025043828,0.0297029702970297,1.0010015025043828,0.009900990099009901,0.07173684210526317,0.009900990099009901
x16913_842_57905_8_094,1.0010015025043828,0.019801980198019802,1.0010015025043828,0.009900990099009901,1.0010015025043828,0.019801980198019802,0.07594736842105262,0.009900990099009901
x3353_669_31896_3_036,1.001001502504383,0.04950495049504951,1.0010015025043828,0.039603960396039604,1.0010015025043828,0.07920792079207921,0.07410526315789474,0.009900990099009901
x2267_648_38998_2_254,1.001001502504383,0.019801980198019802,1.001001502504383,0.039603960396039604,1.0010015025043828,0.07920792079207921,0.06568421052631579,0.009900990099009901
x11472_978_60758_5_785,1.001001502504383,0.0297029702970297,1.0010015025043828,0.039603960396039604,1.0010015025043828,0.07920792079207921,0.0746842105263158,0.009900990099009901
x2009_653_34412_2_032,1.001001502504383,0.019801980198019802,1.001001502504383,0.009900990099009901,1.0010015025043828,0.039603960396039604,0.07342105263157894,0.009900990099009901
x1938_964_06843_1_993,1.0010015025043828,0.019801980198019802,1.0010015025043828,0.019801980198019802,1.0010015025043828,0.0297029702970297,0.07263157894736842,0.009900990099009901
x22839_830_63878_10_909,1.0010015025043828,0.0297029702970297,1.0010015025043828,0.0297029702970297,1.0010015025043828,0.039603960396039604,0.06842105263157895,0.009900990099009901
x3310_535_32104_3_022,1.0010015025043828,0.039603960396039604,1.0010015025043828,0.009900990099009901,1.0010015025043828,0.039603960396039604,0.076,0.009900990099009901
x15456_637_48266_7_479,1.0010015025043828,0.019801980198019802,1.0010015025043828,0.009900990099009901,1.0010015025043828,0.019801980198019802,0.06710526315789474,0.009900990099009901
x15844_772_50616_7_541,1.0010015025043828,0.0297029702970297,1.001001502504383,0.0297029702970297,1.0010015025043828,0.04950495049504951,0.07263157894736842,0.009900990099009901
x12273_833_4602_6_131,1.0010015025043828,0.04950495049504951,1.0010015025043828,0.0297029702970297,1.0010015025043828,0.04950495049504951,0.0746842105263158,0.009900990099009901
x13269_609_45133_6_562,1.0010015025043828,0.019801980198019802,1.0010015025043828,0.009900990099009901,1.0010015025043828,0.009900990099009901,0.0746842105263158,0.009900990099009901
x16355_792_5618_7_839,1.001001502504383,0.019801980198019802,1.001001502504383,0.009900990099009901,1.0010015025043828,0.04950495049504951,0.076,0.009900990099009901
x19585_1075_63785_9_215,1.0010015025043828,0.019801980198019802,1.0010015025043828,0.04950495049504951,1.0010015025043828,0.039603960396039604,0.06842105263157895,0.009900990099009901
x15747_871_53311_7_554,1.0010015025043828,0.019801980198019802,1.0010015025043828,0.0297029702970297,1.0010015025043828,0.039603960396039604,0.0751578947368421,0.009900990099009901
x392_629_34605_1_025,1.0010015025043828,0.009900990099009901,1.0010015025043828,0.0297029702970297,1.0010015025043828,0.0297029702970297,0.07019415204678364,0.009900990099009901
x12282_633_45134_6_134,1.0010015025043828,0.0297029702970297,1.0010015025043828,0.009900990099009901,1.0010015025043828,0.019801980198019802,0.07552631578947369,0.009900990099009901
x14571_764_53082_7_104,1.0010015025043828,0.04950495049504951,1.001001502504383,0.019801980198019802,1.0010015025043828,0.039603960396039604,0.07410526315789474,0.009900990099009901
x1422_685_33502_1_624,1.0010015025043828,0.0297029702970297,1.001001502504383,0.009900990099009901,1.0010015025043828,0.0297029702970297,0.07594736842105262,0.009900990099009901
x1951_507_32631_1_997,1.0010015025043828,0.0297029702970297,1.0010015025043828,0.039603960396039604,1.0010015025043828,0.039603960396039604,0.06568421052631579,0.009900990099009901
x13435_764_53045_6_619,1.0010015025043828,0.009900990099009901,1.0010015025043828,0.039603960396039604,1.0010015025043828,0.039603960396039604,0.05686090225563908,0.009900990099009901
x6737_529_2246_4_158,1.001001502504383,0.009900990099009901,1.001001502504383,0.0297029702970297,1.0010015025043828,0.0891089108910891,0.0075,0.10891089108910891
x1295_680_3793_1_539,1.001001502504383,0.009900990099009901,1.001001502504383,0.019801980198019802,1.0010015025043828,0.0297029702970297,0.07594736842105262,0.009900990099009901
x9494_969_4971_5_082,1.001001502504383,0.009900990099009901,1.0010015025043828,0.009900990099009901,1.0010015025043828,0.009900990099009901,0.07578947368421052,0.009900990099009901
x17282_786_59082_8_231,1.0010015025043828,0.04950495049504951,1.0010015025043828,0.009900990099009901,1.0010015025043828,0.04950495049504951,0.06963157894736842,0.009900990099009901
x11449_997_52771_5_791,1.001001502504383,0.019801980198019802,1.001001502504383,0.0297029702970297,1.0010015025043828,0.06930693069306931,0.0751578947368421,0.009900990099009901
x30520_938_74545_13_325,1.0010015025043828,0.019801980198019802,1.0010015025043828,0.04950495049504951,1.0010015025043828,0.039603960396039604,0.06710526315789474,0.009900990099009901
x1682_373_25293_1_793,1.0010015025043828,0.039603960396039604,1.0010015025043828,0.019801980198019802,1.0010015025043828,0.039603960396039604,0.07173684210526317,0.009900990099009901
x13872_809_44662_6_79,1.0010015025043828,0.009900990099009901,1.001001502504383,0.009900990099009901,1.0010015025043828,0.039603960396039604,0.07073684210526317,0.009900990099009901
x14546_982_64603_7_099,1.001001502504383,0.009900990099009901,1.0010015025043828,0.0297029702970297,1.0010015025043828,0.04950495049504951,0.06842105263157895,0.009900990099009901
x26791_1066_73474_12_423,1.0010015025043828,0.009900990099009901,1.001001502504383,0.019801980198019802,1.0010015025043828,0.019801980198019802,0.06252631578947368,0.009900990099009901
x10278_609_45107_5_375,1.0010015025043828,0.0297029702970297,1.0010015025043828,0.039603960396039604,1.0010015025043828,0.0297029702970297,0.06078947368421052,0.009900990099009901
x19088_576_49856_8_96,1.001001502504383,0.009900990099009901,1.0010015025043828,0.0297029702970297,1.0010015025043828,0.039603960396039604,0.06963157894736842,0.009900990099009901
x15284_985_58592_7_415,1.001001502504383,0.009900990099009901,1.0010015025043828,0.009900990099009901,1.0010015025043828,0.009900990099009901,0.06842105263157895,0.009900990099009901
x1964_489_31561_2_002,1.0010015025043828,0.0297029702970297,1.0010015025043828,0.039603960396039604,1.0010015025043828,0.039603960396039604,0.07073684210526317,0.009900990099009901
x15499_842_57769_7_492,1.0010015025043828,0.039603960396039604,1.001001502504383,0.0297029702970297,1.0010015025043828,0.04950495049504951,0.07173684210526317,0.009900990099009901
x13068_902_58341_6_47,1.0010015025043828,0.009900990099009901,1.001001502504383,0.009900990099009901,1.0010015025043828,0.009900990099009901,0.0707751196172249,0.009900990099009901
x13112_516_44185_6_489,1.0010015025043828,0.0297029702970297,1.001001502504383,0.009900990099009901,1.0010015025043828,0.0297029702970297,0.06568421052631579,0.009900990099009901
x11408_1016_63043_5_771,1.0010015025043828,0.019801980198019802,1.0010015025043828,0.0297029702970297,1.0010015025043828,0.019801980198019802,0.07410526315789474,0.009900990099009901
x17096_897_54887_8_162,1.001001502504383,0.009900990099009901,1.001001502504383,0.019801980198019802,1.0010015025043828,0.04950495049504951,0.07342105263157894,0.009900990099009901
x7406_812_58959_4_391,1.001001502504383,0.0297029702970297,1.0010015025043828,0.019801980198019802,1.0010015025043828,0.039603960396039604,0.07578947368421052,0.009900990099009901
x19622_839_52726_9_23,1.001001502504383,0.019801980198019802,1.0010015025043828,0.04950495049504951,1.0010015025043828,0.04950495049504951,0.0751578947368421,0.009900990099009901
x5663_651_30858_3_807,1.0010015025043828,0.019801980198019802,1.0010015025043828,0.009900990099009901,1.0010015025043828,0.019801980198019802,0.06842105263157895,0.009900990099009901
x27005_584_562_12_472,1.001001502504383,0.009900990099009901,1.001001502504383,0.009900990099009901,1.0010015025043828,0.019801980198019802,0.07552631578947369,0.009900990099009901
x1426_365_2475_1_628,1.0010015025043828,0.019801980198019802,1.0010015025043828,0.019801980198019802,1.0010015025043828,0.0297029702970297,0.07263157894736842,0.009900990099009901
x6109_582_40595_3_981,1.0010015025043828,0.04950495049504951,1.0010015025043828,0.0297029702970297,1.0010015025043828,0.039603960396039604,0.07552631578947369,0.009900990099009901
x1410_701_30866_1_625,1.001001502504383,0.0297029702970297,1.0010015025043828,0.019801980198019802,1.0010015025043828,0.019801980198019802,0.07342105263157894,0.009900990099009901
x12534_767_47177_6_244,1.0010015025043828,0.009900990099009901,1.001001502504383,0.019801980198019802,1.0010015025043828,0.019801980198019802,0.07173684210526317,0.009900990099009901
x5427_808_46854_3_722,1.0010015025043828,0.019801980198019802,1.0010015025043828,0.019801980198019802,1.0010015025043828,0.019801980198019802,0.06963157894736842,0.009900990099009901
x2608_648_38874_2_518,1.001001502504383,0.019801980198019802,1.0010015025043828,0.009900990099009901,1.0010015025043828,0.019801980198019802,0.07263157894736842,0.009900990099009901
x16544_760_57425_7_937,1.0010015025043828,0.039603960396039604,1.0010015025043828,0.0297029702970297,1.0010015025043828,0.039603960396039604,0.0751578947368421,0.009900990099009901
x10465_962_5835_5_431,1.001001502504383,0.009900990099009901,1.001001502504383,0.0297029702970297,1.0010015025043828,0.0297029702970297,0.07552631578947369,0.009900990099009901
x12401_1025_54268_6_194,1.0010015025043828,0.039603960396039604,1.0010015025043828,0.0297029702970297,1.0010015025043828,0.0297029702970297,0.07410526315789474,0.009900990099009901
x25239_1064_71803_11_979,1.0010015025043828,0.039603960396039604,1.0010015025043828,0.04950495049504951,1.0010015025043828,0.06930693069306931,0.07552631578947369,0.009900990099009901
x4540_1195_42988_3_491,1.001001502504383,0.009900990099009901,1.001001502504383,0.019801980198019802,1.0010015025043828,0.039603960396039604,0.0751578947368421,0.009900990099009901
x16014_905_58032_7_663,1.0010015025043828,0.0297029702970297,1.0010015025043828,0.039603960396039604,1.0010015025043828,0.0594059405940594,0.07263157894736842,0.009900990099009901
x12596_1023_54429_6_272,1.0010015025043828,0.039603960396039604,1.001001502504383,0.019801980198019802,1.0010015025043828,0.039603960396039604,0.07263157894736842,0.009900990099009901
x5378_1013_5421_3_738,1.0010015025043828,0.0297029702970297,1.0010015025043828,0.0297029702970297,1.0010015025043828,0.04950495049504951,0.07073684210526317,0.009900990099009901
x13310_952_59981_6_57,1.0010015025043828,0.019801980198019802,1.001001502504383,0.019801980198019802,1.0010015025043828,0.0297029702970297,0.0751578947368421,0.009900990099009901
x2343_600_41754_2_335,1.0010015025043828,0.039603960396039604,1.0010015025043828,0.04950495049504951,1.0010015025043828,0.06930693069306931,0.0746842105263158,0.009900990099009901
x14510_832_59118_7_073,1.001001502504383,0.0297029702970297,1.0010015025043828,0.0297029702970297,1.0010015025043828,0.04950495049504951,0.06842105263157895,0.009900990099009901
x16959_1011_60083_8_106,1.0010015025043828,0.039603960396039604,1.0010015025043828,0.019801980198019802,1.0010015025043828,0.039603960396039604,0.07073684210526317,0.019801980198019802
x10293_990_61199_5_38,1.001001502504383,0.009900990099009901,1.0010015025043828,0.019801980198019802,1.0010015025043828,0.019801980198019802,0.07552631578947369,0.009900990099009901
x17093_956_63049_8_157,1.0010015025043828,0.0297029702970297,1.0010015025043828,0.019801980198019802,1.0010015025043828,0.039603960396039604,0.0746842105263158,0.009900990099009901
x4822_1135_47121_3_582,1.0010015025043828,0.039603960396039604,1.001001502504383,0.009900990099009901,1.0010015025043828,0.04950495049504951,0.07578947368421052,0.009900990099009901
x16292_724_53632_7_807,1.001001502504383,0.039603960396039604,1.0010015025043828,0.0297029702970297,1.0010015025043828,0.04950495049504951,0.06842105263157895,0.009900990099009901
x5892_688_4956_3_881,1.001001502504383,0.009900990099009901,1.001001502504383,0.0297029702970297,1.0010015025043828,0.04950495049504951,0.07594736842105262,0.009900990099009901
x11473_1049_53962_5_795,1.001001502504383,0.019801980198019802,1.001001502504383,0.0297029702970297,1.0010015025043828,0.0594059405940594,0.06513157894736843,0.009900990099009901
x5084_904_61514_3_666,1.001001502504383,0.009900990099009901,1.0010015025043828,0.039603960396039604,1.0010015025043828,0.039603960396039604,0.07073684210526317,0.009900990099009901
x19601_952_66586_9_222,1.001001502504383,0.019801980198019802,1.0010015025043828,0.039603960396039604,1.0010015025043828,0.039603960396039604,0.07019415204678364,0.009900990099009901
x10405_765_45354_5_408,1.001001502504383,0.009900990099009901,1.001001502504383,0.009900990099009901,1.0010015025043828,0.0297029702970297,0.06876061120543293,0.009900990099009901
x10559_1014_61402_5_455,1.0010015025043828,0.039603960396039604,1.0010015025043828,0.019801980198019802,1.0010015025043828,0.0297029702970297,0.07410526315789474,0.009900990099009901
x5395_818_5054_3_731,1.0010015025043828,0.0297029702970297,1.001001502504383,0.019801980198019802,1.0010015025043828,0.0297029702970297,0.07342105263157894,0.009900990099009901
x9500_607_43689_5_075,1.001001502504383,0.019801980198019802,1.0010015025043828,0.04950495049504951,1.0010015025043828,0.04950495049504951,0.07263157894736842,0.009900990099009901
x12081_802_53978_6_06,1.0010015025043828,0.039603960396039604,1.0010015025043828,0.0297029702970297,1.0010015025043828,0.039603960396039604,0.07073684210526317,0.009900990099009901
x15342_740_54468_7_46,1.0010015025043828,0.039603960396039604,1.001001502504383,0.0297029702970297,1.0010015025043828,0.0594059405940594,0.04272213361687045,0.009900990099009901
x1903_1278_74452_1_99,1.0010015025043828,0.039603960396039604,1.0010015025043828,0.019801980198019802,1.0010015025043828,0.039603960396039604,0.06963157894736842,0.009900990099009901
x16125_821_51842_7_696,1.0010015025043828,0.039603960396039604,1.001001502504383,0.009900990099009901,1.0010015025043828,0.039603960396039604,0.07578947368421052,0.009900990099009901
x1959_977_58493_2_004,1.001001502504383,0.019801980198019802,1.0010015025043828,0.0297029702970297,1.0010015025043828,0.0594059405940594,0.06568421052631579,0.009900990099009901
x12376_1019_52449_6_17,1.0010015025043828,0.039603960396039604,1.0010015025043828,0.0297029702970297,1.0010015025043828,0.04950495049504951,0.07410526315789474,0.009900990099009901
x25677_903_56303_12_052,1.001001502504383,0.019801980198019802,1.0010015025043828,0.0297029702970297,1.0010015025043828,0.019801980198019802,0.0751578947368421,0.009900990099009901
x5913_820_52089_3_898,1.001001502504383,0.019801980198019802,1.001001502504383,0.009900990099009901,1.0010015025043828,0.0297029702970297,0.06963157894736842,0.009900990099009901
x16662_951_5433_7_999,1.001001502504383,0.009900990099009901,1.0010015025043828,0.0297029702970297,1.0010015025043828,0.019801980198019802,0.06963157894736842,0.009900990099009901
x16985_874_61995_8_114,1.0010015025043828,0.009900990099009901,1.0010015025043828,0.009900990099009901,1.0010015025043828,0.009900990099009901,0.07263157894736842,0.009900990099009901
x7637_655_36302_4_444,1.0010015025043828,0.0297029702970297,1.0010015025043828,0.0297029702970297,1.0010015025043828,0.0297029702970297,0.07552631578947369,0.009900990099009901
x11823_717_45573_5_949,1.0010015025043828,0.019801980198019802,1.0010015025043828,0.04950495049504951,1.0010015025043828,0.019801980198019802,0.0712721804511278,0.009900990099009901
x5087_932_64649_3_666,1.001001502504383,0.019801980198019802,1.0010015025043828,0.0297029702970297,1.0010015025043828,0.039603960396039604,0.06963157894736842,0.009900990099009901
x25669_1052_71543_12_098,1.001001502504383,0.009900990099009901,1.0010015025043828,0.039603960396039604,1.0010015025043828,0.0594059405940594,0.06645308924485124,0.009900990099009901
x6101_823_45876_3_888,1.0010015025043828,0.0297029702970297,1.0010015025043828,0.019801980198019802,1.0010015025043828,0.039603960396039604,0.06568421052631579,0.009900990099009901
x20082_1013_61702_9_456,1.0010015025043828,0.0297029702970297,1.001001502504383,0.009900990099009901,1.0010015025043828,0.019801980198019802,0.06568421052631579,0.009900990099009901
x32076_959_73112_13_706,1.0010015025043828,0.039603960396039604,1.0010015025043828,0.0297029702970297,1.0010015025043828,0.039603960396039604,0.06687477313974592,0.009900990099009901
x33305_908_79196_13_977,1.0010015025043828,0.0297029702970297,1.0010015025043828,0.019801980198019802,1.0010015025043828,0.0297029702970297,0.059373672626172935,0.009900990099009901
x1920_663_40575_2_004,1.001001502504383,0.04950495049504951,1.0010015025043828,0.0297029702970297,1.0010015025043828,0.06930693069306931,0.07410526315789474,0.009900990099009901
x6847_1023_56533_4_146,1.001001502504383,0.009900990099009901,1.001001502504383,0.0297029702970297,1.0010015025043828,0.0297029702970297,0.07410526315789474,0.009900990099009901
x12602_1042_64547_6_272,1.0010015025043828,0.04950495049504951,1.001001502504383,0.04950495049504951,1.0010015025043828,0.06930693069306931,0.07342105263157894,0.009900990099009901
x32675_1362_90023_13_819,1.001001502504383,0.019801980198019802,1.001001502504383,0.009900990099009901,1.0010015025043828,0.04950495049504951,0.0751578947368421,0.009900990099009901
x33000_1072_79925_13_873,1.0010015025043828,0.019801980198019802,1.0010015025043828,0.019801980198019802,1.0010015025043828,0.019801980198019802,0.07263157894736842,0.009900990099009901
x11575_1009_53535_5_844,1.0010015025043828,0.0297029702970297,1.0010015025043828,0.019801980198019802,1.0010015025043828,0.0297029702970297,0.07342105263157894,0.009900990099009901
x15756_892_59101_7_553,1.001001502504383,0.019801980198019802,1.001001502504383,0.0297029702970297,1.0010015025043828,0.039603960396039604,0.0712721804511278,0.009900990099009901
x14428_913_49976_7_041,1.001001502504383,0.0297029702970297,1.0010015025043828,0.039603960396039604,1.0010015025043828,0.039603960396039604,0.07173684210526317,0.009900990099009901
x30809_1170_81771_13_424,1.0010015025043828,0.0297029702970297,1.0010015025043828,0.0297029702970297,1.0010015025043828,0.039603960396039604,0.07410526315789474,0.009900990099009901
