Sample_ID,colony_id,a_s_colony,algae_host,timepoint,weight_mg,total_N_ug,pct_N,d15N,total_C_ug,pct_C,d13C
A-01-0723CHL,A01,Aposymbiotic,Host,7/1/23,4.08,153.94,N/A,7.75,645.65,N/A,-20.3
A-14-1123CHL,A14-old,Aposymbiotic,Host,11/1/23,4.42,198.17,N/A,8.3,776.98,N/A,-20.93
A-03-0723CHL,A03,Aposymbiotic,Host,7/1/23,4.46,230.07,N/A,8.74,894.13,N/A,-20.39
A-15-1123CHL,A15,Aposymbiotic,Host,11/1/23,3.99,225.5,N/A,8.06,878.47,N/A,-20.86
A-15-1123AGL,A15,Aposymbiotic,Algae,11/1/23,4.79,413.52,N/A,8.68,1949.26,N/A,-21.06
A-13-1123AGL,A13-old,Aposymbiotic,Algae,11/1/23,2.48,168.02,N/A,6.75,825.57,N/A,-21.32
A-14-1123AGL,A14-old,Aposymbiotic,Algae,11/1/23,4.54,399.82,N/A,7.06,1808.39,N/A,-21.11
A-12-0923AGL,A12,Aposymbiotic,Algae,9/1/23,4.51,114.21,N/A,8.05,650.09,N/A,-21.71
S-05-1123AGL,S05,Symbiotic,Algae,11/1/23,1.69,87.26,N/A,2.85,462.51,N/A,-21.14
A-26-0923AGL,A26,Aposymbiotic,Algae,9/1/23,4.19,33.77,N/A,7.12,244.03,N/A,-23.11
S-15-1123AGL,S15,Symbiotic,Algae,11/1/23,0.62,14.68,N/A,6.41,96,N/A,-23.28
A-13-1123CHL,A13-old,Aposymbiotic,Host,11/1/23,3.66,188.46,N/A,8.32,771.05,N/A,-21.24
A-01-1123AGL,A01,Aposymbiotic,Algae,11/1/23,3.77,285.92,N/A,8.38,1352.88,N/A,-21.4
A-26-0923CHL,A26,Aposymbiotic,Host,9/1/23,4.03,141.82,N/A,8.17,610.8,N/A,-20.18
A-12-0923CHL,A12,Aposymbiotic,Host,9/1/23,4.5,255.53,N/A,8.41,1050.29,N/A,-20.46
A-01-1123CHL,A01,Aposymbiotic,Host,11/1/23,4.61,264.11,N/A,8.67,1057.46,N/A,-21.01
A-15-0723CHL,A15,Aposymbiotic,Host,7/1/23,4.11,196.63,N/A,9.19,818.02,N/A,-20.82
S-23-1123CHL,S23,Symbiotic,Host,11/1/23,1.29,86.13,N/A,3.56,513.44,N/A,-20.73
A-15-0723AGL,A15,Aposymbiotic,Algae,7/1/23,3.71,52.27,N/A,9.6,344.29,N/A,-22.73
A-03-1123AGL,A03,Aposymbiotic,Algae,11/1/23,4.63,326.96,N/A,9.07,1546.27,N/A,-21.26
S-23-0923CHL,S23,Symbiotic,Host,9/1/23,4.38,198.82,N/A,6.94,884.86,N/A,-20.4
S-07-0923CHL,S07,Symbiotic,Host,9/1/23,4.85,183.14,N/A,7.1,761.53,N/A,-20.39
A-25-0923CHL,A25,Aposymbiotic,Host,9/1/23,4.72,226.11,N/A,7.82,999.15,N/A,-20.36
S-01-0923AGL,S01,Symbiotic,Algae,9/1/23,3.89,280.81,N/A,5.99,1516.16,N/A,-20.95
S-24-0923AGL,S24,Symbiotic,Algae,9/1/23,4.45,353.98,N/A,3.45,1843.8,N/A,-20.28
A-17-0923AGL,A17,Aposymbiotic,Algae,9/1/23,4.37,243.75,N/A,8.38,1233.7,N/A,-21.36
S-24-0923CHL,S24,Symbiotic,Host,9/1/23,4.65,209.94,N/A,7.08,963.02,N/A,-20.33
S-20-0923AGL,S20,Symbiotic,Algae,9/1/23,4.52,369.19,N/A,4.07,1927.77,N/A,-20.39
S-06-0923AGL,S06,Symbiotic,Algae,9/1/23,4.11,234.1,N/A,6.76,1288.59,N/A,-21.09
S-06-0923CHL,S06,Symbiotic,Host,9/1/23,4.46,152.69,N/A,6.5,629.97,N/A,-20.66
S-01-0923CHL,S01,Symbiotic,Host,9/1/23,4.1,182.72,N/A,7.47,758.55,N/A,-20.8
S-23-0923AGL,S23,Symbiotic,Algae,9/1/23,4.13,334.56,N/A,5.58,1811.33,N/A,-20.16
S-10-0923AGL,S10,Symbiotic,Algae,9/1/23,3.8,331.44,N/A,5.51,1718.8,N/A,-20.35
S-09-0923AGL,S09,Symbiotic,Algae,9/1/23,4.68,402.14,N/A,6.92,1955.99,N/A,-19.79
S-10-0923CHL,S10,Symbiotic,Host,9/1/23,4.08,206.24,N/A,7.2,892.5,N/A,-20.15
S-09-0923CHL,S09,Symbiotic,Host,9/1/23,4.31,243.13,N/A,7.7,995.21,N/A,-20.09
A-17-0923CHL,A17,Aposymbiotic,Host,9/1/23,3.98,167.97,N/A,7.65,672.05,N/A,-20.7
A-25-0923AGL,A25,Aposymbiotic,Algae,9/1/23,3.64,180.97,N/A,7.9,945.08,N/A,-21.11
S-20-0923CHL,S20,Symbiotic,Host,9/1/23,3.85,206.91,N/A,6.96,926,N/A,-20.37
A-15-0923AGL,A15,Aposymbiotic,Algae,9/1/23,4.29,347.6,N/A,8.3,1910.57,N/A,-21.8
A-15-0923CHL,A15,Aposymbiotic,Host,9/1/23,4.96,303.81,N/A,8.33,1315.17,N/A,-20.29
A-08-0923CHL,A08,Aposymbiotic,Host,9/1/23,4.4,178.26,N/A,7.93,740.49,N/A,-20.3
A-08-0923AGL,A08,Aposymbiotic,Algae,9/1/23,4.49,291.52,N/A,6.24,1733.88,N/A,-21.07
S-05-0923CHL,S05,Symbiotic,Host,9/1/23,3.92,200.03,N/A,6.75,798.97,N/A,-19.7
S-05-0923AGL,S05,Symbiotic,Algae,9/1/23,4.55,326.45,N/A,3.71,2018.93,N/A,-20.14
S-25-0923CHL,S25,Symbiotic,Host,9/1/23,4.67,276.59,N/A,7.54,1151.96,N/A,-19.59
S-07-0923AGL,S07,Symbiotic,Algae,9/1/23,4.12,185.89,N/A,4.12,1057.02,N/A,-20.44
S-25-0923AGL,S25,Symbiotic,Algae,9/1/23,4.29,271.89,N/A,5.39,1665.72,N/A,-19.97
HS1,S01,Symbiotic,Host,5/1/24,9.45,263.4,3.06,8.78,356.4,13.14,-20.59
HS2,S02,Symbiotic,Host,5/1/24,9.97,410.7,4.56,8.78,533.1,18.63,-20.24
HS5,S05,Symbiotic,Host,5/1/24,11.34,519.9,5.06,8.44,693.3,21.27,-19.59
HS6,S06,Symbiotic,Host,5/1/24,9.77,361.3,4.1,8.25,501.5,17.85,-20.11
HS7,S07,Symbiotic,Host,5/1/24,9.28,369.7,4.42,7.9,485.7,18.19,-20.25
HS8,S08,Symbiotic,Host,5/1/24,10.13,358.5,3.93,9.06,487.4,16.72,-20.3
HS9,S09,Symbiotic,Host,5/1/24,11.12,480,4.81,8.33,614.9,19.17,-19.51
HS10,S10,Symbiotic,Host,5/1/24,9.98,323.5,3.61,8.26,416.5,14.47,-20.19
HS15,S15,Symbiotic,Host,5/1/24,9.23,279.1,3.37,8.76,394.4,14.81,-20
HS20,S20,Symbiotic,Host,5/1/24,11.25,394.9,3.93,7.86,534.3,16.44,-20.14
HS24,S24,Symbiotic,Host,5/1/24,9.69,344.7,3.98,8.53,452.2,16.17,-20.59
HA1,A01,Aposymbiotic,Host,5/1/24,7.61,173.6,2.55,9,226.1,10.3,-20.89
HA8,A08,Aposymbiotic,Host,5/1/24,8.32,390.6,5.26,7.82,536.9,22.37,-19.68
HA11,A11-old,Aposymbiotic,Host,5/1/24,8.65,242.9,3.16,8.84,318.1,12.75,-20.34
HA14,A14-old,Aposymbiotic,Host,5/1/24,9.76,393.4,4.53,9.02,513,18.22,-20.34
HA15,A15,Aposymbiotic,Host,5/1/24,7.89,274.1,3.91,8.78,388.4,17.07,-20.37
HA24,A24,Aposymbiotic,Host,5/1/24,8.82,425.8,5.44,8.19,620.3,24.32,-19.19
HA25,A25,Aposymbiotic,Host,5/1/24,10.06,488.1,5.55,8.62,753.1,24.82,-18.65
AS1,S01,Symbiotic,Algae,5/1/24,1.21,26,2.47,-4.8,65.7,18.08,-22.94
AS2,S02,Symbiotic,Algae,5/1/24,5.01,210.9,4.83,2.66,441.1,29.17,-21.13
AS5,S05,Symbiotic,Algae,5/1/24,5.9,248.1,4.82,-2.13,581,32.53,-19.16
AS6,S06,Symbiotic,Algae,5/1/24,11.39,434.1,4.37,-2.19,1016.5,28.21,-19.22
AS7,S07,Symbiotic,Algae,5/1/24,8.64,555.7,7.4,0.6,1143.1,42.31,-19.11
AS8,S08,Symbiotic,Algae,5/1/24,7.5,347.5,5.33,1.12,734,32.01,-20.3
AS9,S09,Symbiotic,Algae,5/1/24,7.73,405.5,6.05,-1.03,929.9,38.18,-19.57
AS10,S10,Symbiotic,Algae,5/1/24,5.78,323.7,6.46,-0.46,721,40.69,-19.33
AS15,S15,Symbiotic,Algae,5/1/24,6.25,266.2,4.91,-5.07,568.5,29.72,-19.62
AS20,S20,Symbiotic,Algae,5/1/24,6,292.2,5.61,-3.37,670.6,36.46,-19.39
AS24,S24,Symbiotic,Algae,5/1/24,4.46,250.5,6.48,-0.05,502.7,36.78,-21.03
AA1,A01,Aposymbiotic,Algae,5/1/24,5.11,175,3.95,0.23,377.5,24.11,-20.98
AA8,A08,Aposymbiotic,Algae,5/1/24,2.51,125.8,5.78,-4.1,289.9,37.77,-19.9
AA11,A11-old,Aposymbiotic,Algae,5/1/24,3.66,157.7,4.97,-1.28,362,32.33,-21.43
AA14,A14-old,Aposymbiotic,Algae,5/1/24,4.94,244.4,5.71,-1.37,473.9,31.34,-21.09
AA15,A15,Aposymbiotic,Algae,5/1/24,5.92,326,6.37,1.88,732.8,40.35,-19.24
AA24,A24,Aposymbiotic,Algae,5/1/24,9.13,449.1,5.69,-1.03,1033.4,36.8,-18.54
AA25,A25,Aposymbiotic,Algae,5/1/24,6.01,311.7,6.02,1.73,711.5,38.48,-18.5
A10-A-1124-Host,A10,Aposymbiotic,Host,11/1/24,4.265,124.6585,5.602026289,9.324956262,93.9565,21.85526175,-20.40253019
A10-S-1124-Algae,A10,Aposymbiotic,Algae,11/1/24,1.58,27.102,3.611174568,8.647122657,28.946,19.89897044,-22.01662608
A11-S-new-1124-Host,A11-new,Aposymbiotic,Host,11/1/24,5.645,118.397,4.135644808,9.169330066,91.318,16.45046166,-20.6104424
A11-A-new-1124-Algae,A11-new,Aposymbiotic,Algae,11/1/24,1.695,41.8815,5.276405269,9.110310143,41.753,27.12735103,-21.61224688
A11-A-old-1124-Algae,A11-old,Aposymbiotic,Algae,11/1/24,3.265,137.147,8.235673501,8.035766236,133.6535,41.34536849,-21.22417069
A11-S-old-1124-Host,A11-old,Aposymbiotic,Host,11/1/24,6.215,165.8305,5.241152274,8.937099143,135.1575,21.99430514,-20.83595759
A12-A-1124-Host,A12,Aposymbiotic,Host,11/1/24,5.785,152.8815,5.278421409,8.826148835,121.76,21.55295114,-21.06673343
A12-A-1124-Algae,A12,Aposymbiotic,Algae,11/1/24,1.695,50.686,5.910206718,9.84796593,49.651,30.0957257,-21.63457076
A13-S-old-1124-Algae,A13-old,Aposymbiotic,Algae,11/1/24,1.41,38.435,6.160711181,9.072571955,44.4355,38.64175624,-22.02449454
A13-A-old-1124-Host,A13-old,Aposymbiotic,Host,11/1/24,6.275,185.544,6.54926641,8.572816558,151.936,28.00682485,-20.63668716
A14-S-new-1124-Host,A14-new,Aposymbiotic,Host,11/1/24,4.925,132.882,5.00368205,9.110560312,101.97,19.97381112,-20.92097042
A14-S-new-1124-Algae,A14-new,Aposymbiotic,Algae,11/1/24,1.07,26.264,4.044381914,8.284598584,26.711,20.91719202,-21.84689567
A14-A-old-1124-Host,A14-old,Aposymbiotic,Host,11/1/24,6.055,151.1095,4.947602677,9.376321203,110.429,18.77814653,-20.33661094
A14-S-old-1124-Algae,A14-old,Aposymbiotic,Algae,11/1/24,1.91,47.538,4.634012961,8.433035458,50.568,25.72846786,-21.96546028
A15-S-1124-Host,A15,Aposymbiotic,Host,11/1/24,6.615,147.273,4.353381607,8.689198229,111.272,17.06087995,-20.33253095
A15-A-1124-Algae,A15,Aposymbiotic,Algae,11/1/24,1.775,43.1605,4.685064891,7.184167348,46.4575,26.21411748,-21.84036085
A-18-S-1124-Host,A18,Aposymbiotic,Host,11/1/24,7.035,159.063,4.375816754,8.826319022,124.7455,17.81040207,-20.83136498
A-18-S-1124-Algae,A18,Aposymbiotic,Algae,11/1/24,1.995,86.5255,8.413832492,7.629860717,85.1085,42.89960605,-21.36710255
A24-A-1124-Host,A24,Aposymbiotic,Host,11/1/24,6.85,177.6985,4.982964596,8.392861367,141.0385,20.64352108,-20.60628126
A24-S-1124-Algae,A24,Aposymbiotic,Algae,11/1/24,2.08,48.028,4.331120673,7.914506503,46.2115,21.80966635,-21.32114835
A25-A-1124-Host,A25,Aposymbiotic,Host,11/1/24,5.15,135.0235,5.212993999,9.27018809,108.986,21.58103549,-20.7145795
A25-S-1124-Algae,A25,Aposymbiotic,Algae,11/1/24,2.035,71.676,6.740687055,9.15308009,67.163,32.88594755,-21.0923485
A5-A-1124-Host,A5,Aposymbiotic,Host,11/1/24,6.96,192.8415,5.310593894,8.75919903,148.3475,21.33249525,-20.59685534
A8-S-1124-Host,A8,Aposymbiotic,Host,11/1/24,5.545,132.2635,4.66141319,9.099953011,109.8935,20.19809973,-20.87552789
A8-S-1124-Algae,A8,Aposymbiotic,Algae,11/1/24,2.645,71.0335,5.288214943,8.850671408,72.127,27.90077579,-21.40091414
A9-A-1124-Host,A9,Aposymbiotic,Host,11/1/24,5.935,126.704,4.36660315,8.723429564,92.3255,16.43996474,-20.49381715
A9-S-1124-Algae,A9,Aposymbiotic,Algae,11/1/24,1.555,43.7935,5.281203642,8.748526712,48.1545,30.65731107,-22.61334891
S1-S-1124-Host,S1,Symbiotic,Host,11/1/24,3.28,98.214,5.864893041,7.913441475,83.634,27.89814497,-20.86287859
S1-S-1124-Algae,S1,Symbiotic,Algae,11/1/24,2.355,51.871,4.216362419,8.286656368,55.023,23.1235704,-21.87925436
S10-A-1124-Algae,S10,Symbiotic,Algae,11/1/24,0.935,25.81,4.996741984,6.62525639,26.744,26.19290973,-21.23726126
S10-S-1124-Host,S10,Symbiotic,Host,11/1/24,3.085,92.928,9.288151148,8.57590826,71.4325,42.15760084,-21.07315404
S11-S-new_1124-Host,S11-new,Symbiotic,Host,11/1/24,3.86,120.343,6.178571917,8.987531102,91.516,24.21787103,-20.60319658
S11-A-old-1124-Host,S11-old,Symbiotic,Host,11/1/24,3.975,126.9255,6.391474897,9.025355071,108.8235,28.34362211,-21.27418354
S11-S-old-1124-Algae,S11-old,Symbiotic,Algae,11/1/24,2.145,67.9175,6.190624929,8.169997987,65.9855,30.86772669,-21.57346975
S12-S-1124-Host,S12,Symbiotic,Host,11/1/24,5.62,142.582,5.037066085,8.39646855,110.3425,20.03384364,-20.76399523
S12-A-1124-Algae,S12,Symbiotic,Algae,11/1/24,2.475,107.4705,8.688960714,8.584662808,104.0015,43.72233936,-21.37528123
S15-S-1124-Host,S15,Symbiotic,Host,11/1/24,6.545,191.1595,5.850412374,9.37737014,155.4835,24.48311095,-20.70592906
S15-S-1124-Algae,S15,Symbiotic,Algae,11/1/24,1.875,73.814,7.689301782,8.89830072,70.793,38.18350179,-21.3445572
S16-S-1124-Host,S16,Symbiotic,Host,11/1/24,5.855,153.1455,5.13905393,8.833776711,115.168,20.17646542,-20.62116429
S16-S-1124-Algae,S16,Symbiotic,Algae,11/1/24,2.05,79.9725,7.669457018,8.22816441,78.0665,38.87035788,-21.50263727
S17-S-1124-Host,S17,Symbiotic,Host,11/1/24,4.385,105.0455,4.916341107,9.061161761,80.251,19.32806191,-20.68806254
S17-A-1124-Algae,S17,Symbiotic,Algae,11/1/24,1.915,63.7195,6.527711298,7.795021377,63.2325,33.53907677,-21.52741471
S18-S-1124-Host,S18,Symbiotic,Host,11/1/24,4.785,145.101,5.843578912,8.690668188,111.766,23.44723655,-21.1271872
S18-S-1124-Algae,S18,Symbiotic,Algae,11/1/24,1.6,77.512,9.329884053,9.015713085,68.81,43.06280386,-21.35130552
S19-A-1124-Host,S19,Symbiotic,Host,11/1/24,6.89,166.8175,4.751305476,8.971846202,131.634,19.64129042,-20.76552965
S19-A-1124-Algae,S19,Symbiotic,Algae,11/1/24,1.675,50.8255,5.652855891,9.75588475,51.115,29.49555807,-21.72436237
S21-S-1124-Host,S21,Symbiotic,Host,11/1/24,5.195,131.095,5.265562385,9.326433862,103.625,21.35625154,-20.56994501
S21-S-1124-Algae,S21,Symbiotic,Algae,11/1/24,1.845,65.3685,6.892772865,9.800615851,64.524,35.40741616,-21.47876673
S22-A-1124-Host,S22,Symbiotic,Host,11/1/24,6.445,179.502,5.506224702,9.227082904,146.022,22.87479287,-20.78632838
S22-S-1124-Algae,S22,Symbiotic,Algae,11/1/24,1.565,65.97,8.120247387,8.060182158,62.124,39.80313181,-21.35180161
S26-S-1124-Host,S26,Symbiotic,Host,11/1/24,6.28,201.2315,6.459050252,8.749492258,173.1365,28.83047565,-20.58185602
S26-A-1124-Algae,S26,Symbiotic,Algae,11/1/24,1.55,57.9775,7.246906402,7.306040153,59.46,38.55478961,-21.11658075
S6-A-1124-Host,S6,Symbiotic,Host,11/1/24,3.925,94.84,4.778239562,8.552303301,71.3025,18.44946221,-20.67515894
S6-S-1124-Algae,S6,Symbiotic,Algae,11/1/24,1.695,59.562,6.860371823,8.047141885,60.695,36.26729918,-21.51254825
S7-S-1124-Host,S7,Symbiotic,Host,11/1/24,7.18,185.315,5.029592004,8.727606676,138.567,19.49573077,-20.43821038
S7-A-1124-Algae,S7,Symbiotic,Algae,11/1/24,1.79,60.274,6.611634167,6.60551682,62.2465,35.30129558,-21.38568776
S9-A-1124-Host,S9,Symbiotic,Host,11/1/24,5.645,161.312,5.721388336,8.596295949,124.8985,23.16121541,-20.20070724
S9-A-1124-Algae,S9,Symbiotic,Algae,11/1/24,1.525,49.5615,6.333938281,6.886883307,51.477,33.95696043,-20.91045646
F1-1,F1,N/A,Filter,11/1/24,18.855,2.108,0.021870685,4.70408199,3.595,0.195181381,-24.6924663
F2-1,F2,N/A,Filter,11/1/24,19.345,1.81,0.018224439,4.780315435,3.071,0.162421968,-24.30276887
F3-1,F3,N/A,Filter,11/1/24,20.88,1.7315,0.016115204,5.36140613,2.64,0.129527014,-23.93987866
F5-1,F5,N/A,Filter,11/1/24,18.605,2.15,0.022734641,5.342221555,6.1325,0.335753224,-25.13677101