"","Feature","Deep Aposymbiotic","Deep Aposymbiotic.pval","Shallow Aposymbiotic","Shallow Aposymbiotic.pval","Shallow Symbiotic","Shallow Symbiotic.pval","MeanDecreaseAccuracy","MeanDecreaseAccuracy.pval","MeanDecreaseGini","MeanDecreaseGini.pval"
"1","x13702_1033_58646_6_727",2.91172496987677,0.0099009900990099,1.97328670429331,0.0099009900990099,1.00100150250438,0.0396039603960396,2.53819966236516,0.0099009900990099,0.303146128203396,0.0099009900990099
"2","x2343_600_41754_2_335",1.42648426413879,0.0099009900990099,2.22445044841803,0.0099009900990099,2.41429470803583,0.0099009900990099,2.41793504442717,0.0099009900990099,0.33225103968713,0.0099009900990099
"3","x11404_976_60001_5_769",2.22699077645089,0.0099009900990099,1.09680226829666,0.0099009900990099,1.35542448786228,0.0099009900990099,2.38739334383598,0.0099009900990099,0.177291489432853,0.0099009900990099
"4","x1935_553_33175_1_992",2.49359505229041,0.0099009900990099,2.32120478310423,0.0099009900990099,1.41702089448692,0.0099009900990099,2.37504334389659,0.0099009900990099,0.188665314823555,0.0099009900990099
"5","x12271_817_4866_6_131",2.40289374919761,0.0099009900990099,1.36953199945808,0.0099009900990099,1.00100150250438,0.0297029702970297,2.34609015133698,0.0099009900990099,0.169986728242543,0.0099009900990099
"6","x12592_1007_57094_6_271",2.65896886327507,0.0099009900990099,1.82669289759539,0.0099009900990099,1.40622239633903,0.0297029702970297,2.32560764308587,0.0099009900990099,0.288096805718648,0.0099009900990099
"7","x3334_676_42012_3_03",2.61817668265086,0.0099009900990099,2.14987394264454,0.0099009900990099,1.3976941536882,0.0099009900990099,2.31174734439398,0.0099009900990099,0.295165148419702,0.0099009900990099
"8","x10550_979_53805_5_455",2.36159588462326,0.0099009900990099,2.06659280426501,0.0099009900990099,1.41389939741034,0.0099009900990099,2.27594990515276,0.0099009900990099,0.221767803228701,0.0099009900990099
"9","x2621_653_3452_2_579",2.16717749224248,0.0099009900990099,1.63831042235583,0.0099009900990099,2.16606519122924,0.0099009900990099,2.13976297843558,0.0099009900990099,0.302200340992394,0.0099009900990099
"10","x1946_535_32114_1_996",1.71351027480322,0.0099009900990099,1.73827539143439,0.0099009900990099,1.9720666720751,0.0099009900990099,2.00449562219565,0.0099009900990099,0.231428229665072,0.0099009900990099
"11","x13156_842_57715_6_505",1.9715804023779,0.0099009900990099,1.96940131865218,0.0099009900990099,1.98519424278748,0.0099009900990099,2.00188868512804,0.0099009900990099,0.228192373993144,0.0099009900990099
"12","x1934_631_36289_1_989",2.20864622692308,0.0099009900990099,1.57330803116073,0.0099009900990099,1.41459540782567,0.0099009900990099,1.97238469499101,0.0099009900990099,0.164646098274926,0.0099009900990099
"13","x11192_791_46977_5_681",2.39283343474803,0.0099009900990099,1.43973488022255,0.0099009900990099,1.00100150250438,0.0495049504950495,1.96438131715129,0.0099009900990099,0.17422257840648,0.0099009900990099
"14","x1964_489_31561_2_002",1.40834895880057,0.0099009900990099,1.68337514169062,0.0099009900990099,1.98105053248355,0.0099009900990099,1.95764061541505,0.0099009900990099,0.225483691857506,0.0099009900990099
"15","x13495_859_47601_6_648",1.73048326707831,0.0099009900990099,1.72266061116133,0.0099009900990099,1.98869243096523,0.0099009900990099,1.95373558611057,0.0099009900990099,0.220889308161873,0.0099009900990099
"16","x14315_822_58779_6_995",1.26693979201741,0.0099009900990099,1.77544711828874,0.0099009900990099,1.94192086745117,0.0099009900990099,1.91726793635269,0.0099009900990099,0.232876057684429,0.0099009900990099
"17","x2369_650_22526_2_364",1.54105904775701,0.0099009900990099,1.73504546011445,0.0099009900990099,1.95766170536463,0.0099009900990099,1.90112234926499,0.0099009900990099,0.179082519309731,0.0099009900990099
"18","x2638_613_35249_2_589",1.72300386905937,0.0099009900990099,1.68548621816759,0.0099009900990099,1.89178364552073,0.0099009900990099,1.86977591737625,0.0099009900990099,0.225492217778489,0.0099009900990099
"19","x12209_818_48972_6_127",1.85512896890809,0.0099009900990099,1.64966541878284,0.0099009900990099,1.73359846560542,0.0099009900990099,1.77390446545385,0.0099009900990099,0.182934195955004,0.0099009900990099
"20","x1920_663_40575_2_004",1.41120774204966,0.0099009900990099,1.66518004666981,0.0099009900990099,1.72309486782698,0.0099009900990099,1.73556617742716,0.0099009900990099,0.171245024012842,0.0099009900990099
"21","x1958_237_16347_1_996",1.31926632682314,0.0099009900990099,1.43829441652866,0.0099009900990099,1.72705002281581,0.0099009900990099,1.73335466318492,0.0099009900990099,0.174030854826074,0.0099009900990099
"22","x3336_704_45048_3_037",1.73727046020804,0.0099009900990099,1.68845100181721,0.0099009900990099,1.71897183190049,0.0099009900990099,1.73291357030217,0.0099009900990099,0.163127714390872,0.0099009900990099
"23","x13438_999_54369_6_628",1.00100150250438,0.0198019801980198,1.64900112239242,0.0099009900990099,1.7240102069937,0.0099009900990099,1.7324318809687,0.0099009900990099,0.170040652280051,0.0099009900990099
"24","x11273_589_42557_5_71",1.00100150250438,0.0198019801980198,1.5574140465865,0.0099009900990099,1.66370132854624,0.0099009900990099,1.7292589431729,0.0099009900990099,0.164223640162098,0.0099009900990099
"25","x2393_391_26318_2_393",1.41285987182396,0.0099009900990099,1.68193347039411,0.0099009900990099,1.72060822736689,0.0099009900990099,1.72746848252922,0.0099009900990099,0.178284210526316,0.0099009900990099
"26","x15692_787_47622_7_538",1.00100150250438,0.0099009900990099,1.53092616728827,0.0099009900990099,1.69052851490631,0.0099009900990099,1.72294641780487,0.0099009900990099,0.169846497195369,0.0099009900990099
"27","x16694_858_57224_8_011",1.30993429144589,0.0099009900990099,1.7199911053163,0.0099009900990099,1.70765381040931,0.0099009900990099,1.72028453651737,0.0099009900990099,0.169908700322234,0.0099009900990099
"28","x13123_887_48861_6_497",1.64422201456697,0.0099009900990099,1.58914967422461,0.0099009900990099,1.67557459618158,0.0099009900990099,1.71444078288108,0.0099009900990099,0.173371475109437,0.0099009900990099
"29","x3346_662_40381_3_031",1.00100150250438,0.0099009900990099,1.71664961481203,0.0099009900990099,1.66186429573269,0.0099009900990099,1.71375874588722,0.0099009900990099,0.163250130783203,0.0099009900990099
"30","x11422_1004_62935_5_777",1.34406227991274,0.0099009900990099,1.53720646345703,0.0099009900990099,1.71558596984739,0.0099009900990099,1.71078081445349,0.0099009900990099,0.179066874804132,0.0099009900990099
"31","x13157_635_46727_6_509",1.00100150250438,0.0198019801980198,1.72901689630088,0.0099009900990099,1.71929704783979,0.0099009900990099,1.71020065068958,0.0099009900990099,0.157917523495932,0.0099009900990099
"32","x15315_980_63049_7_43",1.00100150250438,0.0099009900990099,1.71442567311473,0.0099009900990099,1.66911011857018,0.0099009900990099,1.7062023551792,0.0099009900990099,0.170214206845786,0.0099009900990099
"33","x11483_999_53034_5_792",1.32225574896387,0.0099009900990099,1.70743011656623,0.0099009900990099,1.57532347087875,0.0099009900990099,1.69642431307766,0.0099009900990099,0.174748575880033,0.0099009900990099
"34","x12210_805_48564_6_105",1.40175666601689,0.0099009900990099,1.58630271892043,0.0099009900990099,1.73584547497035,0.0099009900990099,1.6925626040414,0.0099009900990099,0.174224880382775,0.0099009900990099
"35","x12638_1004_62255_6_269",1.58745558710021,0.0099009900990099,1.63709324845684,0.0099009900990099,1.70592786319884,0.0099009900990099,1.68692010507464,0.0099009900990099,0.172031134402809,0.0099009900990099
"36","x13416_978_6161_6_622",1.00100150250438,0.0396039603960396,0.128038978949756,0.0396039603960396,1.41254717713517,0.0099009900990099,1.68567932102954,0.0099009900990099,0.0777776103945015,0.0099009900990099
"37","x10561_1000_59534_5_456",1.63263917927766,0.0099009900990099,1.53969613235424,0.0099009900990099,1.61980169670614,0.0099009900990099,1.6735150143696,0.0099009900990099,0.176503987240829,0.0099009900990099
"38","x13125_544_47299_6_506",1.34406227991274,0.0099009900990099,1.57089735320624,0.0099009900990099,1.65347180198358,0.0099009900990099,1.67020261709018,0.0099009900990099,0.180970407883218,0.0099009900990099
"39","x3359_721_33226_3_035",1.41120774204966,0.0099009900990099,1.73243598305305,0.0099009900990099,1.63310094184221,0.0099009900990099,1.66842400569222,0.0099009900990099,0.16711515170906,0.0099009900990099
"40","x10293_990_61199_5_38",1.41120774204966,0.0099009900990099,1.56886338588035,0.0099009900990099,1.70784282916633,0.0099009900990099,1.65399798308261,0.0099009900990099,0.174245808047522,0.0099009900990099
"41","x8253_565_40534_4_603",1.00100150250438,0.0099009900990099,1.44232591861658,0.0099009900990099,1.73248810120717,0.0099009900990099,1.64715543857968,0.0099009900990099,0.175028708133971,0.0099009900990099
"42","x10311_976_5909_5_447",1.75403485462863,0.0099009900990099,1.18382117548287,0.0198019801980198,1.73521525110357,0.0099009900990099,1.6398502072288,0.0099009900990099,0.181265534444721,0.0099009900990099
"43","x13649_1009_58585_6_717",1.00100150250438,0.0396039603960396,1.41870003482115,0.0099009900990099,1.67525835018284,0.0099009900990099,1.63524958084793,0.0099009900990099,0.171218328526416,0.0099009900990099
"44","x15441_837_49074_7_475",1.3976941536882,0.0099009900990099,1.41705050316284,0.0099009900990099,1.69244144154617,0.0099009900990099,1.62477890638898,0.0099009900990099,0.17778335373317,0.0099009900990099
"45","x19617_834_57238_9_226",1.21446541889315,0.0099009900990099,1.70069277276234,0.0099009900990099,1.55247010966531,0.0099009900990099,1.5902265137886,0.0099009900990099,0.175462402213826,0.0099009900990099
"46","x4568_587_22932_3_498",1.38942503594182,0.0099009900990099,1.53957778669116,0.0099009900990099,1.37609801125023,0.0198019801980198,1.5590255645333,0.0099009900990099,0.117743434343434,0.0099009900990099
"47","x9497_953_52381_5_082",1.41705050316284,0.0099009900990099,1.53702722301269,0.0099009900990099,1.41688216139393,0.0099009900990099,1.54779373994831,0.0099009900990099,0.121383872526061,0.0099009900990099
"48","x4561_1173_45097_3_497",1.34406227991274,0.0099009900990099,1.13414514493037,0.0099009900990099,1.00100150250438,0.0297029702970297,1.52500513710507,0.0099009900990099,0.0959032710927806,0.0099009900990099
"49","x14249_790_54653_6_965",1.95264328812309,0.0099009900990099,1.08254250373133,0.0198019801980198,1.00100150250438,0.0396039603960396,1.44559154648778,0.0099009900990099,0.143448915456898,0.0099009900990099
"50","x17103_961_5865_8_162",1.00100150250438,0.0297029702970297,1.39889930567129,0.0099009900990099,1.38528279589265,0.0099009900990099,1.41705050316284,0.0099009900990099,0.118535885167464,0.0099009900990099
"51","x5085_909_57158_3_667",1.31533410441164,0.0099009900990099,1.41631084259087,0.0099009900990099,1.40380090902936,0.0099009900990099,1.41705050316284,0.0099009900990099,0.103647173489279,0.0099009900990099
"52","x1996_610_39222_2_023",1.38942503594182,0.0099009900990099,1.40834895880057,0.0099009900990099,1.41703217347302,0.0099009900990099,1.41699117778913,0.0099009900990099,0.106954877807786,0.0099009900990099
"53","x3353_669_31896_3_036",1.00100150250438,0.0396039603960396,1.4137762642108,0.0099009900990099,1.40606442787545,0.0099009900990099,1.41696070350181,0.0099009900990099,0.11502674518464,0.0099009900990099
"54","x9896_879_5079_5_217",1.40275209380409,0.0099009900990099,1.40050758952657,0.0099009900990099,1.39260414978931,0.0099009900990099,1.41687686058905,0.0099009900990099,0.119848565767939,0.0099009900990099
"55","x16662_951_5433_7_999",1.41285987182396,0.0099009900990099,1.39964164456356,0.0099009900990099,1.41607569277225,0.0099009900990099,1.41681539780672,0.0099009900990099,0.113323308270677,0.0099009900990099
"56","x9503_1021_51119_5_084",1.00100150250438,0.0198019801980198,1.28959193642382,0.0099009900990099,1.37021526937856,0.0099009900990099,1.41677708338093,0.0099009900990099,0.116453546910755,0.0099009900990099
"57","x12620_931_53973_6_268",1.37457856297529,0.0099009900990099,1.4159136794715,0.0099009900990099,1.40606442787545,0.0099009900990099,1.41642759618657,0.0099009900990099,0.114617984843355,0.0099009900990099
"58","x12282_633_45134_6_134",1.22573502688692,0.0099009900990099,1.37457856297529,0.0099009900990099,1.40510066279939,0.0099009900990099,1.41620539683401,0.0099009900990099,0.11212955465587,0.0099009900990099
"59","x2610_631_3622_2_568",1.37457856297529,0.0099009900990099,1.39964164456356,0.0099009900990099,1.40998991860812,0.0099009900990099,1.41607569277225,0.0099009900990099,0.114337849944009,0.0099009900990099
"60","x13418_792_56016_6_617",1.34406227991274,0.0099009900990099,1.41459540782567,0.0099009900990099,1.38608732070737,0.0099009900990099,1.41551882019355,0.0099009900990099,0.10816,0.0099009900990099
"61","x7918_904_59483_4_512",1.00100150250438,0.0099009900990099,1.36436948635955,0.0099009900990099,1.37457856297529,0.0099009900990099,1.41533303487623,0.0099009900990099,0.112626122716917,0.0099009900990099
"62","x4186_868_50873_3_376",1.00100150250438,0.0396039603960396,1.33297791993682,0.0099009900990099,1.36095679716309,0.0099009900990099,1.41533303487623,0.0099009900990099,0.115101300440922,0.0099009900990099
"63","x10842_955_53935_5_539",1.34406227991274,0.0099009900990099,1.3280556888735,0.0099009900990099,1.39624393454098,0.0099009900990099,1.41508404800271,0.0099009900990099,0.107829115152413,0.0099009900990099
"64","x10278_609_45107_5_375",1.17832947503798,0.0099009900990099,1.415440166742,0.0099009900990099,1.41702878971136,0.0099009900990099,1.41477676469268,0.0099009900990099,0.106241158451685,0.0099009900990099
"65","x12815_832_59532_6_371",0.632708666137081,0.0297029702970297,1.40834895880057,0.0099009900990099,1.39410377306643,0.0099009900990099,1.41454217937033,0.0099009900990099,0.110515767541844,0.0099009900990099
"66","x6109_582_40595_3_981",1.30206927713678,0.0099009900990099,1.40152966315644,0.0099009900990099,1.41285987182396,0.0099009900990099,1.41411597379638,0.0198019801980198,0.104519955350561,0.0099009900990099
"67","x15588_1042_65146_7_509",1.00100150250438,0.0198019801980198,1.32225574896387,0.0099009900990099,1.41120774204966,0.0099009900990099,1.41404451029236,0.0099009900990099,0.120731829573935,0.0099009900990099
"68","x13130_835_47583_6_499",1.65199904149304,0.0099009900990099,1.16543226954412,0.0099009900990099,1.39295213323646,0.0099009900990099,1.41389939741034,0.0099009900990099,0.126408438609935,0.0099009900990099
"69","x1905_373_25265_1_969",1.00100150250438,0.0099009900990099,1.00100150250438,0.0297029702970297,1.41497655310772,0.0099009900990099,1.41379204631166,0.0099009900990099,0.111203154162001,0.0099009900990099
"70","x15778_806_54148_7_558",1.00100150250438,0.0099009900990099,1.26693979201741,0.0099009900990099,1.40691651970838,0.0099009900990099,1.41362501471258,0.0099009900990099,0.117153148829521,0.0099009900990099
"71","x11562_993_55492_5_837",1.36363803075806,0.0099009900990099,1.32460420270263,0.0099009900990099,1.37997895932678,0.0099009900990099,1.41310529639792,0.0099009900990099,0.0942433916385599,0.0099009900990099
"72","x10507_977_59362_5_443",1.26693979201741,0.0099009900990099,1.41705050316284,0.0099009900990099,1.41620539683401,0.0099009900990099,1.41285987182396,0.0099009900990099,0.115116279069767,0.0099009900990099
"73","x12144_818_56809_6_078",1.38062136715865,0.0099009900990099,1.28017115862345,0.0099009900990099,1.41643553111556,0.0099009900990099,1.41193972556628,0.0099009900990099,0.110768713450292,0.0099009900990099
"74","x12463_770_55638_6_203",1.37021526937856,0.0099009900990099,1.39964164456356,0.0099009900990099,1.41570766814705,0.0099009900990099,1.41160824954502,0.0099009900990099,0.116373099415205,0.0099009900990099
"75","x26791_1066_73474_12_423",1.41285987182396,0.0198019801980198,1.37457856297529,0.0099009900990099,1.41411597379638,0.0099009900990099,1.41120774204966,0.0099009900990099,0.115519978517723,0.0099009900990099
"76","x1928_433_27317_1_986",1.00100150250438,0.0198019801980198,1.34406227991274,0.0099009900990099,1.39964164456356,0.0099009900990099,1.40995560949711,0.0099009900990099,0.116426050591595,0.0099009900990099
"77","x16609_938_57898_7_991",1.41705050316284,0.0099009900990099,1.3976941536882,0.0099009900990099,1.41120774204966,0.0099009900990099,1.40967765131453,0.0099009900990099,0.111283844393593,0.0099009900990099
"78","x13389_839_54939_6_635",1.41705050316284,0.0099009900990099,1.34406227991274,0.0099009900990099,1.41693653346005,0.0099009900990099,1.40938240486516,0.0099009900990099,0.113376811594203,0.0099009900990099
"79","x13261_817_56201_6_565",1.38458279965625,0.0099009900990099,1.37457856297529,0.0099009900990099,1.38458279965625,0.0099009900990099,1.40834895880057,0.0099009900990099,0.113504188129899,0.0099009900990099
"80","x13421_1006_64466_6_624",1.00100150250438,0.0099009900990099,1.24710926351988,0.0099009900990099,1.41055441393309,0.0099009900990099,1.40834895880057,0.0099009900990099,0.117603427172583,0.0099009900990099
"81","x2619_535_32216_2_576",1.39540341548455,0.0099009900990099,1.36436948635955,0.0099009900990099,1.40906764658504,0.0099009900990099,1.40674554273354,0.0099009900990099,0.114184314541294,0.0099009900990099
"82","x9495_948_56945_5_082",1.00100150250438,0.0495049504950495,1.41675431502912,0.0099009900990099,1.40444345849039,0.0099009900990099,1.40644224309428,0.0099009900990099,0.107334546472564,0.0099009900990099
"83","x5168_823_45936_3_704",1.00100150250438,0.0099009900990099,1.41570766814705,0.0099009900990099,1.41570766814705,0.0099009900990099,1.40465243230319,0.0099009900990099,0.113399122807018,0.0099009900990099
"84","x25645_883_68514_12_111",1.31533410441164,0.0099009900990099,1.28959193642382,0.0099009900990099,1.40949853917577,0.0099009900990099,1.40464182101791,0.0099009900990099,0.103509589734603,0.0099009900990099
"85","x15690_771_50244_7_537",1.00100150250438,0.0495049504950495,1.41447599059536,0.0099009900990099,1.40714185952848,0.0099009900990099,1.40444345849039,0.0099009900990099,0.1122525499796,0.0099009900990099
"86","x15844_772_50616_7_541",1.00100150250438,0.0297029702970297,1.37180503494348,0.0099009900990099,1.4166659270908,0.0099009900990099,1.40401474474571,0.0099009900990099,0.109553018759523,0.0099009900990099
"87","x4540_1195_42988_3_491",1.00100150250438,0.0297029702970297,1.41508404800271,0.0099009900990099,1.41459540782567,0.0099009900990099,1.40252905780391,0.0198019801980198,0.104024767801858,0.0099009900990099
"88","x17720_1006_64578_8_365",1.00100150250438,0.0099009900990099,1.38942503594182,0.0099009900990099,1.34556354287589,0.0099009900990099,1.40237920636428,0.0099009900990099,0.1091004784689,0.0099009900990099
"89","x2267_648_38998_2_254",0.290045344077152,0.0495049504950495,1.46178870494285,0.0198019801980198,1.40606442787545,0.0099009900990099,1.40179414994786,0.0297029702970297,0.118024741098028,0.0099009900990099
"90","x16380_813_49239_7_85",1.34406227991274,0.0099009900990099,1.28364639898503,0.0099009900990099,1.41188742058131,0.0099009900990099,1.40166697376181,0.0099009900990099,0.106399122807018,0.0099009900990099
"91","x12401_1025_54268_6_194",1.40834895880057,0.0099009900990099,1.36846357472562,0.0099009900990099,1.4151969792487,0.0099009900990099,1.40093050291294,0.0099009900990099,0.114184314541294,0.0099009900990099
"92","x16100_832_55845_7_716",1.00100150250438,0.0198019801980198,1.2381387735405,0.0099009900990099,1.41120774204966,0.0099009900990099,1.39820207953366,0.0099009900990099,0.112137134502924,0.0099009900990099
"93","x15455_889_50367_7_485",1.37457856297529,0.0198019801980198,1.41508404800271,0.0099009900990099,1.32840310740968,0.0099009900990099,1.3976941536882,0.0099009900990099,0.111139280826179,0.0099009900990099
"94","x18589_818_57642_8_721",1.31533410441164,0.0099009900990099,1.35807298525577,0.0099009900990099,1.37609801125023,0.0099009900990099,1.39721377273295,0.0099009900990099,0.112236066911465,0.0099009900990099
"95","x22310_572_50383_10_613",1.00100150250438,0.0297029702970297,1.39410377306643,0.0099009900990099,1.41285987182396,0.0099009900990099,1.39540341548455,0.0099009900990099,0.116382456140351,0.0099009900990099
"96","x27005_584_562_12_472",1.28017115862345,0.0099009900990099,1.3932675002068,0.0099009900990099,1.41120774204966,0.0099009900990099,1.39522456198829,0.0099009900990099,0.114068751589118,0.0099009900990099
"97","x4537_1119_4773_3_491",1.00100150250438,0.0297029702970297,1.39889930567129,0.0099009900990099,1.4164701490806,0.0099009900990099,1.39394005573819,0.0099009900990099,0.115679197994987,0.0099009900990099
"98","x7747_625_42542_4_454",1.00100150250438,0.0099009900990099,1.38942503594182,0.0099009900990099,1.41285987182396,0.0099009900990099,1.39260414978931,0.0099009900990099,0.118589963280294,0.0099009900990099
"99","x10273_784_49988_5_375",1.00100150250438,0.0297029702970297,1.41120774204966,0.0099009900990099,1.40676911054232,0.0099009900990099,1.39045115425968,0.0099009900990099,0.11317605875153,0.0099009900990099
"100","x18207_771_50288_8_559",1.36692904431769,0.0099009900990099,1.34406227991274,0.0099009900990099,1.41705050316284,0.0099009900990099,1.38778086538486,0.0099009900990099,0.115765718644437,0.0099009900990099
"101","x14426_861_49099_7_043",1.41705050316284,0.0099009900990099,1.31631134171974,0.0099009900990099,1.41705050316284,0.0198019801980198,1.38521516335901,0.0198019801980198,0.114789240284747,0.0099009900990099
"102","x12602_1042_64547_6_272",1.40834895880057,0.0099009900990099,1.38942503594182,0.0099009900990099,1.34858005951143,0.0099009900990099,1.38507305812711,0.0099009900990099,0.112876799842744,0.0099009900990099
"103","x6916_807_4669_4_229",1.41508404800271,0.0099009900990099,1.00100150250438,0.0396039603960396,1.34406227991274,0.0099009900990099,1.38182804019521,0.0099009900990099,0.121209036103773,0.0099009900990099
"104","x1991_662_40336_2_018",1.00100150250438,0.0495049504950495,1.26003352562143,0.0099009900990099,1.41389939741034,0.0099009900990099,1.38143686146385,0.0099009900990099,0.11683295194508,0.0099009900990099
"105","x14832_732_50193_7_226",1.00100150250438,0.0396039603960396,1.40691651970838,0.0099009900990099,1.37997895932678,0.0099009900990099,1.38024680135973,0.0099009900990099,0.118195863642847,0.0099009900990099
"106","x3310_535_32104_3_022",1.00100150250438,0.0099009900990099,1.30206927713678,0.0099009900990099,1.41675431502912,0.0099009900990099,1.37836705658638,0.0099009900990099,0.117175866495507,0.0099009900990099
"107","x11317_1088_59716_5_729",1.39540341548455,0.0198019801980198,1.31533410441164,0.0099009900990099,1.41459540782567,0.0099009900990099,1.37728821407441,0.0198019801980198,0.116366719829878,0.0099009900990099
"108","x19132_750_58779_8_989",1.00100150250438,0.0297029702970297,1.35542448786228,0.0099009900990099,1.27232493571575,0.0099009900990099,1.37581929909263,0.0099009900990099,0.107778947368421,0.0099009900990099
"109","x11323_1043_52884_5_754",1.34406227991274,0.0099009900990099,1.40714185952848,0.0099009900990099,1.32840310740968,0.0099009900990099,1.37457856297529,0.0099009900990099,0.112397660818713,0.0099009900990099
"110","x11580_931_53948_5_837",1.38062136715865,0.0099009900990099,1.38942503594182,0.0099009900990099,1.34767323857564,0.0099009900990099,1.37399292973944,0.0099009900990099,0.11111298245614,0.0099009900990099
"111","x8276_625_42609_4_632",1.21446541889315,0.0099009900990099,1.40275209380409,0.0099009900990099,1.40124332615506,0.0099009900990099,1.37288508931381,0.0099009900990099,0.112868596491228,0.0099009900990099
"112","x819_692_41788_1_286",1.34406227991274,0.0099009900990099,1.38942503594182,0.0099009900990099,1.36232155017094,0.0198019801980198,1.36940712291488,0.0099009900990099,0.10488,0.0099009900990099
"113","x10465_962_5835_5_431",1.00100150250438,0.0099009900990099,1.40275209380409,0.0099009900990099,1.35415197325709,0.0099009900990099,1.36232155017094,0.0099009900990099,0.105753896636587,0.0099009900990099
"114","x12078_788_53169_6_065",1.30993429144589,0.0099009900990099,1.35206064131472,0.0099009900990099,1.34406227991274,0.0099009900990099,1.35891134281804,0.0099009900990099,0.118201272411799,0.0099009900990099
"115","x27709_886_70733_12_698",1.31533410441164,0.0099009900990099,1.06212340829746,0.0099009900990099,1.41631084259087,0.0099009900990099,1.35795343553393,0.0198019801980198,0.129300607287449,0.0099009900990099
"116","x15640_845_59556_7_476",1.38942503594182,0.0099009900990099,1.00100150250438,0.0297029702970297,1.37761219815425,0.0099009900990099,1.34798847944004,0.0099009900990099,0.107793601651187,0.0099009900990099
"117","x23764_880_66648_11_509",1.00100150250438,0.0099009900990099,1.28959193642382,0.0099009900990099,1.35618889004604,0.0099009900990099,1.34406227991274,0.0099009900990099,0.105758345443441,0.0099009900990099
"118","x12251_885_47157_6_122",1.00100150250438,0.0297029702970297,1.00100150250438,0.0495049504950495,1.41705050316284,0.0099009900990099,1.33720195731743,0.0198019801980198,0.0584393704850361,0.0099009900990099
"119","x22766_828_63501_10_91",1.00100150250438,0.0297029702970297,1.25472567902525,0.0099009900990099,1.39964164456356,0.0099009900990099,1.3322511387265,0.0099009900990099,0.10615604726101,0.0099009900990099
"120","x13435_764_53045_6_619",1.00100150250438,0.0297029702970297,1.33381852864055,0.0099009900990099,1.35542448786228,0.0099009900990099,1.27931300888348,0.0099009900990099,0.114773641420625,0.0099009900990099
"121","x2000_648_3893_2_04",1.34406227991274,0.0099009900990099,1.26212586794619,0.0297029702970297,1.00100150250438,0.0396039603960396,1.19084687949674,0.0198019801980198,0.0631379535796012,0.0099009900990099
"122","x11249_814_54463_5_699",1.40275209380409,0.0099009900990099,1.01810033425906,0.0099009900990099,1.00100150250438,0.0396039603960396,1.16945505092684,0.0198019801980198,0.0856949429322435,0.0099009900990099
"123","x3324_613_35251_3_024",1.00100150250438,0.0099009900990099,1.00100150250438,0.0099009900990099,1.00100150250438,0.0297029702970297,1.00100150250438,0.0099009900990099,0.0576853801169591,0.0099009900990099
"124","x14250_795_50188_6_967",1.00100150250438,0.0297029702970297,1.00100150250438,0.0198019801980198,1.00100150250438,0.0297029702970297,1.00100150250438,0.0792079207920792,0.0568310893512852,0.0099009900990099
"125","x1938_964_06843_1_993",1.00100150250438,0.0099009900990099,1.00100150250438,0.0198019801980198,1.00100150250438,0.0099009900990099,1.00100150250438,0.0198019801980198,0.057235006119951,0.0099009900990099
"126","x11289_789_52365_5_711",1.00100150250438,0.0099009900990099,1.00100150250438,0.0198019801980198,1.00100150250438,0.0297029702970297,1.00100150250438,0.0495049504950495,0.0533684210526316,0.0099009900990099
"127","x19086_720_54063_8_963",1.00100150250438,0.0099009900990099,1.00100150250438,0.0099009900990099,1.00100150250438,0.0297029702970297,1.00100150250438,0.0198019801980198,0.0496518218623482,0.0099009900990099
"128","x1422_685_33502_1_624",1.00100150250438,0.0099009900990099,1.00100150250438,0.0396039603960396,1.00100150250438,0.0297029702970297,1.00100150250438,0.0198019801980198,0.0573829787234042,0.0099009900990099
"129","x1682_373_25293_1_793",1.00100150250438,0.0099009900990099,1.00100150250438,0.0198019801980198,1.00100150250438,0.0297029702970297,1.00100150250438,0.0297029702970297,0.0573829787234042,0.0099009900990099
"130","x13041_907_53925_6_461",1.00100150250438,0.0099009900990099,1.00100150250438,0.0198019801980198,1.00100150250438,0.0396039603960396,1.00100150250438,0.0396039603960396,0.0526573787409701,0.0099009900990099
"131","x8647_583_41537_4_78",1.00100150250438,0.0495049504950495,1.00100150250438,0.0396039603960396,1.00100150250438,0.0297029702970297,1.00100150250438,0.0198019801980198,0.0574545454545455,0.0099009900990099
"132","x7406_812_58959_4_391",1.00100150250438,0.0198019801980198,1.00100150250438,0.0297029702970297,1.00100150250438,0.0396039603960396,1.00100150250438,0.0099009900990099,0.0556293393057111,0.0099009900990099
"133","x19125_1381_0625_8_986",1.00100150250438,0.0198019801980198,1.00100150250438,0.0297029702970297,1.00100150250438,0.0198019801980198,1.00100150250438,0.0198019801980198,0.0556293393057111,0.0099009900990099
"134","x1426_365_2475_1_628",1.00100150250438,0.0495049504950495,1.00100150250438,0.0099009900990099,1.00100150250438,0.0099009900990099,1.00100150250438,0.0396039603960396,0.0471091617933723,0.0099009900990099
"135","x4013_678_42072_3_317",1.00100150250438,0.0099009900990099,1.00100150250438,0.0099009900990099,1.00100150250438,0.0198019801980198,1.00100150250438,0.0198019801980198,0.0591631578947368,0.0099009900990099
"136","x1955_395_19978_1_999",1.00100150250438,0.0297029702970297,1.00100150250438,0.0198019801980198,1.00100150250438,0.0198019801980198,1.00100150250438,0.0198019801980198,0.0584709851551957,0.0099009900990099
"137","x12596_1023_54429_6_272",1.00100150250438,0.0297029702970297,1.00100150250438,0.0396039603960396,1.00100150250438,0.0396039603960396,1.00100150250438,0.0297029702970297,0.0576401137980085,0.0099009900990099
"138","x5378_1013_5421_3_738",1.00100150250438,0.0099009900990099,1.00100150250438,0.0198019801980198,1.00100150250438,0.0198019801980198,1.00100150250438,0.0198019801980198,0.0575091299677766,0.0099009900990099
"139","x16960_1006_6461_8_109",1.00100150250438,0.0198019801980198,1.00100150250438,0.0198019801980198,1.00100150250438,0.0198019801980198,1.00100150250438,0.0297029702970297,0.0571052631578947,0.0099009900990099
"140","x5920_825_47414_3_879",1.00100150250438,0.0099009900990099,1.00100150250438,0.0198019801980198,1.00100150250438,0.0198019801980198,1.00100150250438,0.0198019801980198,0.0556293393057111,0.0099009900990099
"141","x5892_688_4956_3_881",1.00100150250438,0.0198019801980198,1.00100150250438,0.0396039603960396,1.00100150250438,0.0297029702970297,1.00100150250438,0.0396039603960396,0.0579061784897025,0.0099009900990099
"142","x5084_904_61514_3_666",1.00100150250438,0.0099009900990099,1.00100150250438,0.0297029702970297,1.00100150250438,0.0198019801980198,1.00100150250438,0.0198019801980198,0.0557093821510297,0.0099009900990099
"143","x510_619_2194_1_105",1.00100150250438,0.0099009900990099,1.00100150250438,0.0099009900990099,1.00100150250438,0.0396039603960396,1.00100150250438,0.0297029702970297,0.0583157894736842,0.0099009900990099
"144","x11455_787_5715_5_797",1.00100150250438,0.0297029702970297,1.00100150250438,0.0396039603960396,1.00100150250438,0.0297029702970297,1.00100150250438,0.0495049504950495,0.0540242914979757,0.0099009900990099
"145","x6037_605_39573_3_9",1.00100150250438,0.0495049504950495,1.00100150250438,0.0297029702970297,1.00100150250438,0.0396039603960396,1.00100150250438,0.0396039603960396,0.0566704805491991,0.0099009900990099
"146","x6059_643_43201_3_937",1.00100150250438,0.0297029702970297,1.00100150250438,0.0297029702970297,1.00100150250438,0.0396039603960396,1.00100150250438,0.0297029702970297,0.0533684210526316,0.0099009900990099
"147","x1926_969_0228_1_991",1.00100150250438,0.0297029702970297,1.00100150250438,0.0297029702970297,1.00100150250438,0.0495049504950495,1.00100150250438,0.0297029702970297,0.0551746920492721,0.0099009900990099
"148","x18816_599_50449_8_827",1.00100150250438,0.0297029702970297,1.00100150250438,0.0297029702970297,1.00100150250438,0.0495049504950495,1.00100150250438,0.0495049504950495,0.0506979405034325,0.0099009900990099
"149","x14026_978_61598_6_832",1.00100150250438,0.0198019801980198,1.00100150250438,0.0297029702970297,1.00100150250438,0.0099009900990099,1.00100150250438,0.0297029702970297,0.0565273477812177,0.0099009900990099
"150","x25472_859_67553_12_062",1.00100150250438,0.0198019801980198,1.00100150250438,0.0198019801980198,1.00100150250438,0.0297029702970297,1.00100150250438,0.0198019801980198,0.0561556064073227,0.0099009900990099
"151","x1440_707_39021_1_621",1.00100150250438,0.0396039603960396,1.00100150250438,0.0099009900990099,1.00100150250438,0.0198019801980198,1.00100150250438,0.0396039603960396,0.0482497607655502,0.0099009900990099
"152","x5483_839_43436_3_736",1.00100150250438,0.0198019801980198,1.00100150250438,0.0198019801980198,1.00100150250438,0.0198019801980198,1.00100150250438,0.0297029702970297,0.0590952380952381,0.0099009900990099
"153","x12594_661_48129_6_274",1.00100150250438,0.0198019801980198,1.00100150250438,0.0396039603960396,1.00100150250438,0.0198019801980198,1.00100150250438,0.0198019801980198,0.0524049409237379,0.0099009900990099
"154","x29638_1028_78779_13_147",1.00100150250438,0.0099009900990099,1.00100150250438,0.0396039603960396,1.00100150250438,0.0396039603960396,1.00100150250438,0.0297029702970297,0.0489248120300752,0.0099009900990099
"155","x13722_1068_66292_6_727",1.00100150250438,0.0099009900990099,1.00100150250438,0.0297029702970297,1.00100150250438,0.0297029702970297,1.00100150250438,0.0297029702970297,0.0595789473684211,0.0099009900990099
"156","x1683_391_26322_1_789",1.30206927713678,0.0099009900990099,0.775492117012861,0.0099009900990099,1.00100150250438,0.0297029702970297,1.00100150250438,0.0198019801980198,0.0742694805194805,0.0099009900990099
"157","x11274_607_43556_5_711",1.00100150250438,0.0099009900990099,1.00100150250438,0.0099009900990099,1.00100150250438,0.0297029702970297,1.00100150250438,0.0099009900990099,0.0625736842105263,0.0099009900990099
"158","x3333_648_38887_3_03",1.00100150250438,0.0198019801980198,1.00100150250438,0.0396039603960396,1.00100150250438,0.0099009900990099,1.00100150250438,0.0297029702970297,0.0574736842105263,0.0099009900990099
"159","x2287_653_34523_2_285",1.00100150250438,0.0198019801980198,1.00100150250438,0.0297029702970297,1.00100150250438,0.0396039603960396,1.00100150250438,0.0495049504950495,0.0514189886480908,0.0099009900990099
"160","x11534_955_53958_5_83",1.00100150250438,0.0198019801980198,1.00100150250438,0.0198019801980198,1.00100150250438,0.0396039603960396,1.00100150250438,0.0297029702970297,0.0567518796992481,0.0099009900990099
"161","x25707_882_68287_12_118",1.00100150250438,0.0297029702970297,1.00100150250438,0.0297029702970297,1.00100150250438,0.0396039603960396,1.00100150250438,0.0693069306930693,0.0566704805491991,0.0099009900990099
"162","x1250_708_41055_1_529",1.00100150250438,0.0198019801980198,1.00100150250438,0.0495049504950495,1.00100150250438,0.0198019801980198,1.00100150250438,0.0495049504950495,0.0589314565483476,0.0099009900990099
"163","x5653_658_40953_3_804",1.00100150250438,0.0297029702970297,1.00100150250438,0.0396039603960396,1.00100150250438,0.0297029702970297,1.00100150250438,0.0693069306930693,0.0515621052631579,0.0099009900990099
"164","x15413_909_55424_7_466",1.00100150250438,0.0297029702970297,1.00100150250438,0.0099009900990099,1.00100150250438,0.0297029702970297,1.00100150250438,0.0495049504950495,0.05425,0.0099009900990099
"165","x2294_669_31923_2_29",1.00100150250438,0.0198019801980198,1.00100150250438,0.0297029702970297,1.00100150250438,0.0198019801980198,1.00100150250438,0.0297029702970297,0.055732057416268,0.0099009900990099
"166","x16422_824_6044_7_869",1.00100150250438,0.0099009900990099,1.00100150250438,0.0495049504950495,1.00100150250438,0.0297029702970297,1.00100150250438,0.0396039603960396,0.0513431578947368,0.0099009900990099
"167","x13269_609_45133_6_562",1.00100150250438,0.0099009900990099,1.00100150250438,0.0297029702970297,1.00100150250438,0.0099009900990099,1.00100150250438,0.0198019801980198,0.0538107502799552,0.0099009900990099
"168","x10266_971_51224_5_374",1.00100150250438,0.0099009900990099,1.00100150250438,0.0297029702970297,1.00100150250438,0.0495049504950495,1.00100150250438,0.0594059405940594,0.0544602463605823,0.0099009900990099
"169","x19089_558_48833_8_962",1.00100150250438,0.0099009900990099,1.00100150250438,0.0198019801980198,1.00100150250438,0.0099009900990099,1.00100150250438,0.0198019801980198,0.052,0.0099009900990099
"170","x9504_976_59896_5_083",1.00100150250438,0.0099009900990099,1.00100150250438,0.0396039603960396,1.00100150250438,0.0099009900990099,1.00100150250438,0.0396039603960396,0.0565358851674641,0.0099009900990099
"171","x11402_635_46669_5_767",1.00100150250438,0.0198019801980198,1.00100150250438,0.0099009900990099,1.00100150250438,0.0099009900990099,1.00100150250438,0.0297029702970297,0.0580287081339713,0.0099009900990099
"172","x10386_953_59278_5_38",1.00100150250438,0.0297029702970297,1.00100150250438,0.0297029702970297,1.00100150250438,0.0099009900990099,1.00100150250438,0.0297029702970297,0.0570501253132832,0.0099009900990099
"173","x7611_565_405_4_447",1.00100150250438,0.0099009900990099,1.00100150250438,0.0297029702970297,1.00100150250438,0.0099009900990099,1.00100150250438,0.0297029702970297,0.0585430038510911,0.0099009900990099
"174","x9494_969_4971_5_082",1.00100150250438,0.0198019801980198,1.00100150250438,0.0297029702970297,1.00100150250438,0.0297029702970297,1.00100150250438,0.0396039603960396,0.0606996148908858,0.0099009900990099
"175","x15438_819_57224_7_478",1.00100150250438,0.0198019801980198,1.00100150250438,0.0297029702970297,1.00100150250438,0.0297029702970297,1.00100150250438,0.0396039603960396,0.0598195488721805,0.0099009900990099
"176","x2810_574_39601_2_71",1.00100150250438,0.0198019801980198,1.00100150250438,0.0297029702970297,1.00100150250438,0.0396039603960396,1.00100150250438,0.0198019801980198,0.0580839260312945,0.0099009900990099
"177","x9266_735_51819_4_995",1.00100150250438,0.0099009900990099,1.00100150250438,0.0297029702970297,1.00100150250438,0.0297029702970297,1.00100150250438,0.0396039603960396,0.0521929824561403,0.0099009900990099
"178","x12101_333_24207_6_068",1.00100150250438,0.0198019801980198,1.00100150250438,0.0198019801980198,1.00100150250438,0.0198019801980198,1.00100150250438,0.0198019801980198,0.0571052631578947,0.0099009900990099
"179","x18229_961_5864_8_563",1.00100150250438,0.0099009900990099,1.00100150250438,0.0297029702970297,1.00100150250438,0.0099009900990099,1.00100150250438,0.0099009900990099,0.0580287081339713,0.0099009900990099
"180","x13068_902_58341_6_47",1.00100150250438,0.0099009900990099,1.00100150250438,0.0297029702970297,1.00100150250438,0.0297029702970297,1.00100150250438,0.0297029702970297,0.0535812356979405,0.0099009900990099
"181","x13112_516_44185_6_489",1.00100150250438,0.0198019801980198,1.00100150250438,0.0396039603960396,1.00100150250438,0.0198019801980198,1.00100150250438,0.0495049504950495,0.0576853801169591,0.0099009900990099
"182","x6045_882_52496_3_929",1.00100150250438,0.0099009900990099,1.00100150250438,0.0297029702970297,1.00100150250438,0.0297029702970297,1.00100150250438,0.0495049504950495,0.0488093346573982,0.0099009900990099
"183","x3325_595_34188_3_021",1.00100150250438,0.0297029702970297,1.00100150250438,0.0297029702970297,1.00100150250438,0.0198019801980198,1.00100150250438,0.0396039603960396,0.0531733746130031,0.0099009900990099
"184","x9303_758_5944_5_012",1.00100150250438,0.0099009900990099,1.00100150250438,0.0297029702970297,1.00100150250438,0.0396039603960396,1.00100150250438,0.0495049504950495,0.0567675438596491,0.0099009900990099
"185","x10560_633_45092_5_456",1.00100150250438,0.0297029702970297,1.00100150250438,0.0099009900990099,1.00100150250438,0.0396039603960396,1.00100150250438,0.0396039603960396,0.057254004576659,0.0099009900990099
"186","x10451_967_53815_5_428",1.00100150250438,0.0297029702970297,1.00100150250438,0.0297029702970297,1.00100150250438,0.0495049504950495,1.00100150250438,0.0594059405940594,0.0580974244120941,0.0099009900990099
"187","x14216_928_59971_6_955",1.00100150250438,0.0198019801980198,1.00100150250438,0.0495049504950495,1.00100150250438,0.0198019801980198,1.00100150250438,0.0396039603960396,0.0538201754385965,0.0099009900990099
"188","x2608_648_38874_2_518",1.00100150250438,0.0198019801980198,1.00100150250438,0.0198019801980198,1.00100150250438,0.0198019801980198,1.00100150250438,0.0297029702970297,0.0554210526315789,0.0099009900990099
"189","x10284_812_53089_5_393",1.00100150250438,0.0099009900990099,1.00100150250438,0.0396039603960396,1.00100150250438,0.0495049504950495,1.00100150250438,0.0594059405940594,0.0556293393057111,0.0099009900990099
"190","x14022_719_47032_6_869",1.00100150250438,0.0198019801980198,1.00100150250438,0.0297029702970297,1.00100150250438,0.0396039603960396,1.00100150250438,0.0495049504950495,0.0573769100169779,0.0099009900990099
"191","x10595_1047_52567_5_467",1.00100150250438,0.0198019801980198,1.00100150250438,0.0297029702970297,1.00100150250438,0.0396039603960396,1.00100150250438,0.0495049504950495,0.0558,0.0099009900990099
"192","x2370_669_2566_2_366",1.00100150250438,0.0099009900990099,1.00100150250438,0.0297029702970297,1.00100150250438,0.0198019801980198,1.00100150250438,0.0198019801980198,0.0570501253132832,0.0099009900990099
"193","x2745_615_40481_2_679",1.00100150250438,0.0099009900990099,1.00100150250438,0.0198019801980198,1.00100150250438,0.0396039603960396,1.00100150250438,0.0396039603960396,0.0574545454545455,0.0099009900990099
"194","x4901_635_33548_3_604",1.00100150250438,0.0198019801980198,1.00100150250438,0.0099009900990099,1.00100150250438,0.0198019801980198,1.00100150250438,0.0396039603960396,0.0524049409237379,0.0099009900990099
"195","x13733_1056_66135_6_733",1.00100150250438,0.0297029702970297,1.00100150250438,0.0297029702970297,1.00100150250438,0.0099009900990099,1.00100150250438,0.0396039603960396,0.0574335839598997,0.0099009900990099
"196","x16264_980_63037_7_791",1.00100150250438,0.0099009900990099,1.00100150250438,0.0297029702970297,1.00100150250438,0.0297029702970297,1.00100150250438,0.0297029702970297,0.0535438596491228,0.0099009900990099
"197","x10571_1041_50843_5_452",1.00100150250438,0.0198019801980198,1.00100150250438,0.0396039603960396,1.00100150250438,0.0297029702970297,1.00100150250438,0.0396039603960396,0.0586270022883295,0.0099009900990099
"198","x12558_790_54175_6_23",1.00100150250438,0.0396039603960396,1.00100150250438,0.0495049504950495,1.00100150250438,0.0198019801980198,1.00100150250438,0.0495049504950495,0.0483225083986562,0.0099009900990099
"199","x1959_977_58493_2_004",1.00100150250438,0.0198019801980198,1.00100150250438,0.0198019801980198,1.00100150250438,0.0297029702970297,1.00100150250438,0.0495049504950495,0.0561040391676867,0.0099009900990099
"200","x12376_1019_52449_6_17",1.00100150250438,0.0099009900990099,1.00100150250438,0.0396039603960396,1.00100150250438,0.0396039603960396,1.00100150250438,0.0495049504950495,0.0436474677259186,0.0099009900990099
"201","x13366_957_55472_6_585",1.00100150250438,0.0297029702970297,1.00100150250438,0.0297029702970297,1.00100150250438,0.0495049504950495,1.00100150250438,0.0792079207920792,0.0576853801169591,0.0099009900990099
"202","x33275_830_69739_13_966",1.00100150250438,0.0396039603960396,1.00100150250438,0.0396039603960396,1.00100150250438,0.0297029702970297,1.00100150250438,0.0495049504950495,0.057235006119951,0.0099009900990099
"203","x17379_1087_63221_8_271",1.00100150250438,0.0198019801980198,1.00100150250438,0.0099009900990099,1.00100150250438,0.0396039603960396,1.00100150250438,0.0495049504950495,0.0555327342747112,0.0099009900990099
"204","x9281_941_52431_4_999",1.00100150250438,0.0099009900990099,1.00100150250438,0.0099009900990099,1.00100150250438,0.0396039603960396,1.00100150250438,0.0396039603960396,0.0585430038510911,0.0099009900990099
"205","x22757_599_57438_10_9",1.00100150250438,0.0099009900990099,1.00100150250438,0.0495049504950495,1.00100150250438,0.0297029702970297,1.00100150250438,0.0297029702970297,0.0579022556390977,0.0099009900990099
"206","x31258_570_52551_13_533",1.00100150250438,0.0198019801980198,1.00100150250438,0.0495049504950495,1.00100150250438,0.0396039603960396,1.00100150250438,0.0495049504950495,0.0557533539731682,0.0099009900990099
"207","x33000_1072_79925_13_873",1.00100150250438,0.0198019801980198,1.00100150250438,0.0396039603960396,1.00100150250438,0.0198019801980198,1.00100150250438,0.0396039603960396,0.0607309941520468,0.0099009900990099
"208","x16304_1001_56283_7_794",1.00100150250438,0.0297029702970297,1.00100150250438,0.0297029702970297,1.00100150250438,0.0396039603960396,1.00100150250438,0.0693069306930693,0.0561625730994152,0.0099009900990099
"209","x32640_821_62791_13_804",1.00100150250438,0.0198019801980198,1.00100150250438,0.0396039603960396,1.00100150250438,0.0495049504950495,1.00100150250438,0.0693069306930693,0.0535326315789474,0.0099009900990099
"210","x30680_1144_80141_13_399",1.00100150250438,0.0099009900990099,1.00100150250438,0.0198019801980198,1.00100150250438,0.0396039603960396,1.00100150250438,0.0297029702970297,0.0580974244120941,0.0099009900990099
"211","x16688_930_61457_8_007",1.00100150250438,0.0099009900990099,0.545774759493075,0.0198019801980198,1.00100150250438,0.0495049504950495,0.923631082221906,0.0495049504950495,0.0622353115433988,0.0099009900990099
